{"angle": 162, "embeddings": [-0.7483221888542175, 0.36225250363349915, -0.015767807140946388, 0.2833774983882904, -0.6216772794723511, -0.18162988126277924, 0.8780849575996399, -0.7996918559074402, -0.46130770444869995, -0.42974987626075745, -0.4523933529853821, -0.5498003363609314, 0.782535195350647, -0.545474648475647, 0.6842533946037292, -0.1213918998837471, 0.4020608961582184, 0.4668687880039215, -0.8429426550865173, 0.06320061534643173, 0.7383224964141846, -0.36253219842910767, -0.884592592716217, 0.7052939534187317, -0.7859582304954529, -0.06304773688316345, -0.5347951054573059, -0.53685462474823, -0.275029718875885, 0.07338111102581024, -0.14411859214305878, -0.610092043876648, 0.5733199119567871, -0.6885266900062561, -0.13204115629196167, 0.7259749174118042, -0.6205244660377502, 0.7792929410934448, 0.419677734375, -0.4516274034976959, -0.21731255948543549, -0.9591864347457886, 0.7573469877243042, 0.4174096882343292, -0.37785977125167847, 0.7587434649467468, 0.5913512110710144, -0.4745393693447113, 0.47894108295440674, 0.16448576748371124, -0.47439318895339966, 0.07372686266899109, 0.6919593214988708, -0.661758542060852, 0.3945126533508301, -0.6501463055610657, -0.22659310698509216, 0.15917283296585083, 0.6432029604911804, 0.1578586846590042, -0.7570821046829224, -0.42294639348983765, 0.5171418786048889, 0.7274011969566345, 0.17046141624450684, 0.6000195741653442, -0.008633480407297611, -0.6992389559745789, 0.2594463527202606, 0.25615036487579346, -0.6557334065437317, 0.2558620870113373, 0.05635952576994896, -0.08926843851804733, 0.556720495223999, 0.5301817059516907, 0.4245283305644989, 0.8333335518836975, 0.22870440781116486, -0.507807195186615, 0.7270338535308838, -0.27147799730300903, -0.8426057696342468, 0.2953459322452545, -0.0681329146027565, 0.3339502215385437, 0.30461204051971436, 0.36052560806274414, 0.44891825318336487, -0.8537720441818237, -0.3931816518306732, -0.4812173843383789, -0.8361144065856934, 0.5410041213035583, 0.8571246862411499, -0.7093999981880188, 0.310859739780426, 0.3364412784576416, 0.1710961014032364, 0.14643710851669312, 0.541941225528717, -0.6724684238433838, -0.6258353590965271, -0.7704963684082031, 0.285573273897171, 0.14206251502037048, 0.7565552592277527, 0.2859533429145813, 0.3899843692779541, 0.29837360978126526, 0.011522069573402405, -0.6043078303337097, -0.6239374876022339, -0.7983429431915283, -0.7020700573921204, 0.5821897983551025, 0.8018299341201782, 0.8909918069839478, -0.4051019251346588, 0.09160590171813965, -0.8459613919258118, -0.4808877408504486, -0.672748327255249, 0.19483231008052826, 0.12207983434200287, -0.9135810732841492, 0.1904575675725937, -0.7829776406288147, 0.592868447303772, 0.3537229299545288, -0.7232478857040405, 0.6159325242042542, -0.6062763333320618, -0.6811006665229797, -0.641165554523468, -0.858147919178009, 0.19288727641105652, 0.8900205492973328, -0.1433289498090744, 0.5201421976089478, -0.2809874415397644, -0.24817635118961334, 0.5657960176467896, 0.17933893203735352, -0.8586514592170715, -0.6396741271018982, 0.7844401597976685, -0.1330632120370865, 0.5510481595993042, -0.5409908890724182, -0.6030140519142151, -0.37162303924560547, 0.31747010350227356, -0.1353735476732254, 0.6469283103942871, 0.42114919424057007, -0.09680796414613724, 0.8914439678192139, 0.9193101525306702, -0.831105649471283, 0.6731410026550293, -0.14046519994735718, -0.260435551404953, 0.12271299213171005, 0.25447461009025574, 0.7575928568840027, -0.2191394567489624, -0.3301762044429779, 0.5113059282302856, 0.3693661391735077, -0.04890938103199005, -0.05133489891886711, 0.6150420904159546, 0.1458745002746582, -0.10476049780845642, -0.41995278000831604, -0.9476721882820129, -0.2581167221069336, -0.8476272821426392, -0.3998669385910034, 0.13795308768749237, -0.2976543605327606, -0.17586594820022583, 0.7529891133308411, -0.9528735876083374, 0.8844621181488037, -0.0877295657992363, 0.16186100244522095, -0.4647221565246582, -0.4676224887371063, -0.5376227498054504, -0.8382910490036011, -0.6740426421165466, -0.9395565390586853, 0.4638940393924713, -0.4343086779117584, 0.8649542331695557, -0.24835407733917236, 0.62713623046875, -0.14169158041477203, -0.44851815700531006, -0.3917337954044342, -0.864101767539978, 0.3892577588558197, 0.14827077090740204, 0.11280256509780884, -0.839589536190033, 0.8721967339515686, -0.38893985748291016, 0.45128166675567627, 0.776199460029602, 0.22929160296916962, -0.3988499343395233, -0.5903182029724121, 0.5336402058601379, 0.45678701996803284, 0.18091244995594025, -0.5246704816818237, -0.08567376434803009, -0.49083787202835083, -0.13007789850234985, -0.24211689829826355, 0.22760231792926788, 0.48266127705574036, 0.5300908088684082, -0.07972802221775055, -0.8166784048080444, -0.5442750453948975, -0.7325983047485352, 0.5446028113365173, 0.3981592059135437, 0.18700067698955536, -0.7917242050170898, -0.1236841082572937, 0.5832809805870056, -0.35761910676956177, 0.8125700354576111, -0.0366947315633297, 0.3710872232913971, -0.1618693321943283, -0.7240771055221558, -0.06927404552698135, -0.15497593581676483, 0.17463640868663788, -0.7327613830566406, -0.25649383664131165, 0.2946208119392395, -0.39436861872673035, -0.02719741500914097, -0.3146824836730957, 0.5533435940742493, 0.1122288778424263, 0.2282027304172516, 0.6123648285865784, 0.47865840792655945, -0.18348285555839539], "seq_length": 79, "label": 132}