{"angle": 342, "embeddings": [-0.34846362471580505, -0.17357081174850464, 0.10992944240570068, 0.4747738242149353, -0.632487952709198, -0.38321733474731445, 0.9443516731262207, -0.7897039651870728, -0.36482861638069153, -0.14833404123783112, -0.5978710055351257, -0.3632579445838928, 0.9808223247528076, -0.8235673904418945, 0.8399662971496582, -0.17136269807815552, 0.25206634402275085, 0.6066297292709351, -0.9475712776184082, 0.10347135365009308, 0.8977713584899902, -0.21604137122631073, -0.9588740468025208, 0.9848722815513611, -0.7206117510795593, -0.4852488338947296, -0.9085698127746582, -0.5932868123054504, -0.5087459683418274, 0.3552069365978241, -0.5876904726028442, -0.6437170505523682, 0.7473150491714478, -0.9087852835655212, 0.6043087244033813, 0.04997258260846138, -0.8058760762214661, 0.7470271587371826, 0.512623131275177, -0.5633130073547363, -0.29306790232658386, -0.9052228927612305, 0.5568332672119141, 0.18178677558898926, 0.03879553824663162, 0.9592903256416321, 0.42412400245666504, 0.029830951243638992, 0.06367411464452744, 0.3736550211906433, -0.46249425411224365, 0.2264443337917328, 0.690920352935791, -0.6150700449943542, 0.749962568283081, -0.6613730788230896, -0.23846253752708435, 0.19799970090389252, 0.8189501762390137, -0.05797536298632622, -0.9707533121109009, -0.6137151122093201, -0.010822580195963383, 0.8360645174980164, 0.05840989202260971, 0.5233561396598816, 0.11212911456823349, -0.6183727383613586, 0.7498791813850403, 0.5454782247543335, -0.6163113713264465, 0.6036292314529419, -0.7061935067176819, 0.45071902871131897, 0.38224244117736816, 0.7175439596176147, 0.5248894095420837, 0.9858726859092712, 0.6128572225570679, -0.017731700092554092, 0.7789613604545593, 0.3232969045639038, -0.9352560043334961, 0.35134831070899963, 0.39395537972450256, 0.6215044856071472, 0.2716847062110901, -0.27769458293914795, 0.4395731985569, -0.9321335554122925, -0.4910820424556732, -0.23325763642787933, -0.9856264591217041, 0.35312825441360474, 0.9875161647796631, -0.9726739525794983, 0.4680918753147125, 0.19992250204086304, 0.16801774501800537, 0.10614820569753647, 0.7642757296562195, -0.6088298559188843, -0.40033113956451416, -0.1218491643667221, 0.2574824392795563, 0.14118577539920807, 0.6205150485038757, 0.44659677147865295, 0.8297866582870483, -0.08701455593109131, -0.021123221144080162, -0.8961162567138672, -0.695559024810791, -0.6740747094154358, -0.6095627546310425, 0.29152336716651917, 0.13734948635101318, 0.8556384444236755, -0.7623385190963745, 0.1268405318260193, -0.7984606623649597, -0.32188844680786133, -0.6822397112846375, 0.12680712342262268, 0.11606266349554062, -0.8226252198219299, 0.14425328373908997, -0.2111055999994278, 0.46980229020118713, 0.4739380180835724, -0.8845800757408142, 0.010397612117230892, -0.8881604671478271, -0.7492231130599976, -0.8530744910240173, -0.8685604929924011, -0.37549516558647156, 0.8428812026977539, -0.5298609137535095, 0.595344603061676, -0.8858652114868164, -0.18200412392616272, -0.48834797739982605, -0.07309657335281372, -0.1738569438457489, -0.7264909148216248, 0.876071035861969, -0.3410702347755432, 0.4544355571269989, -0.08254087716341019, -0.8497164845466614, -0.7196595072746277, 0.310763955116272, 0.13619466125965118, 0.7894126176834106, 0.7354128956794739, -0.16693022847175598, 0.8824096322059631, 0.9269766211509705, -0.8923062682151794, 0.7937138080596924, 0.21788573265075684, 0.3299148678779602, 0.3167417347431183, 0.697992205619812, 0.5453193187713623, 0.6131089925765991, -0.31022778153419495, 0.3785766363143921, 0.4311321973800659, 0.5516591668128967, -0.6692904233932495, 0.29436635971069336, 0.8623564839363098, -0.22646674513816833, -0.20240271091461182, -0.9155463576316833, -0.7678883671760559, -0.7205964922904968, -0.3671310544013977, 0.28434228897094727, -0.20325173437595367, -0.08444574475288391, 0.8451021909713745, -0.8816326260566711, 0.9274920225143433, 0.14762097597122192, -0.27029258012771606, -0.1463826447725296, -0.40553274750709534, -0.5833561420440674, -0.9388574361801147, -0.7415772080421448, -0.8179143071174622, 0.2798338830471039, 0.22955842316150665, 0.3371524214744568, 0.14274832606315613, 0.9714537262916565, -0.26648420095443726, -0.674074113368988, 0.22347143292427063, -0.8653953075408936, -0.07701041549444199, 0.12791602313518524, 0.29202350974082947, -0.9409876465797424, 0.9732660055160522, -0.41274040937423706, 0.5207951068878174, 0.8984612226486206, 0.6004472970962524, -0.6582249402999878, -0.3768515884876251, 0.8475944399833679, 0.4445755183696747, 0.22085724771022797, 0.17605622112751007, -0.012717430479824543, -0.6011762619018555, -0.47514352202415466, -0.04289234057068825, 0.005209893919527531, 0.2863338887691498, 0.5014491081237793, -0.6676754355430603, -0.7945815324783325, -0.6269797682762146, -0.8676341772079468, 0.2652455270290375, 0.41980963945388794, -0.06853388994932175, -0.9482148289680481, -0.6037986874580383, 0.6794138550758362, -0.1023285910487175, 0.9509632587432861, -0.04296676442027092, 0.00578444404527545, -0.3631986677646637, -0.11065450310707092, 0.7819831967353821, -0.2031148225069046, -0.34764155745506287, -0.9653085470199585, -0.22244946658611298, -0.1745864748954773, -0.5511860251426697, 0.1598663479089737, -0.11665958911180496, -0.2125721126794815, 0.026296095922589302, -0.3624187409877777, 0.6587572693824768, 0.06274072080850601, 0.052952881902456284], "seq_length": 99, "label": 132}