{"angle": 162, "embeddings": [-0.8476636409759521, 0.1584886759519577, -0.09635838866233826, 0.3414580821990967, -0.7211425304412842, -0.34482845664024353, 0.7985326647758484, -0.7821705937385559, -0.031012773513793945, -0.30406904220581055, -0.4568430483341217, -0.3562019169330597, 0.8952205777168274, -0.6454582214355469, 0.5717482566833496, -0.41395053267478943, 0.4503531754016876, 0.6767494678497314, -0.7636773586273193, 0.030554527416825294, 0.7823898792266846, -0.5463176369667053, -0.9693915843963623, 0.6552140116691589, -0.873347282409668, -0.35615336894989014, -0.615243136882782, -0.5749318599700928, -0.35145556926727295, 0.2788451611995697, 0.021391918882727623, -0.8300763964653015, 0.5380663275718689, -0.3736211359500885, -0.15235376358032227, 0.37791863083839417, -0.7334099411964417, 0.74578857421875, 0.6380495429039001, -0.6421754956245422, -0.27591076493263245, -0.9352529048919678, 0.7764286994934082, 0.6805490851402283, -0.19012415409088135, 0.840545654296875, 0.48309335112571716, -0.3263145685195923, 0.42315730452537537, -0.18047063052654266, -0.5459134578704834, -0.0501958467066288, 0.511959969997406, -0.8283543586730957, 0.4806901216506958, -0.7574312686920166, 0.25194451212882996, 0.27808675169944763, 0.35824212431907654, -0.0760783776640892, -0.7220656275749207, -0.6989660859107971, 0.49391308426856995, 0.5733818411827087, -0.23072831332683563, 0.49150630831718445, 0.20706383883953094, -0.8219134211540222, 0.5640674233436584, 0.005472829099744558, -0.3639697730541229, 0.35343170166015625, -0.050809163600206375, 0.15717022120952606, 0.44554266333580017, 0.5540665984153748, 0.7478005886077881, 0.6163831353187561, 0.5112307667732239, -0.37877345085144043, 0.6526415944099426, -0.35411807894706726, -0.7486801147460938, 0.5679394602775574, -0.3470911979675293, 0.028283774852752686, 0.11049157381057739, 0.3845011293888092, 0.6175497770309448, -0.809190571308136, -0.21854417026042938, -0.43080759048461914, -0.9265566468238831, 0.43751904368400574, 0.8763456344604492, -0.7410788536071777, 0.5052814483642578, 0.2902120351791382, 0.050434354692697525, -0.030842585489153862, 0.47801628708839417, -0.5435171127319336, -0.7910316586494446, -0.8380079865455627, 0.3005298376083374, -0.04036032781004906, 0.5945644378662109, 0.44739213585853577, 0.37343156337738037, 0.4151639938354492, 0.011744235642254353, -0.8004701137542725, -0.6676860451698303, -0.8696322441101074, -0.46840164065361023, 0.5527093410491943, 0.8360020518302917, 0.8705074191093445, -0.5476219654083252, -0.016666477546095848, -0.7412166595458984, -0.34020674228668213, -0.7908496856689453, 0.32999229431152344, 0.11744164675474167, -0.8926449418067932, -0.4461027681827545, -0.762324333190918, 0.7215606570243835, 0.617607831954956, -0.7203503251075745, 0.578961193561554, -0.8004819750785828, -0.6567733883857727, -0.7896161675453186, -0.8942275643348694, 0.2686024308204651, 0.774128258228302, -0.16275544464588165, 0.5441229939460754, -0.36328938603401184, -0.20837436616420746, 0.21846921741962433, 0.42143726348876953, -0.727142870426178, -0.5427131652832031, 0.6628437042236328, -0.32668253779411316, 0.7518214583396912, -0.3717266619205475, -0.8087024688720703, -0.29949989914894104, 0.17322786152362823, -0.20929650962352753, 0.7538464665412903, 0.43802955746650696, 0.08846569806337357, 0.9304633736610413, 0.9681947827339172, -0.8488979339599609, 0.7664346694946289, -0.07635796070098877, -0.44058871269226074, 0.4972919225692749, 0.46717703342437744, 0.5886647701263428, 0.05956413224339485, -0.22279858589172363, 0.35888227820396423, 0.2466847449541092, -0.32057133316993713, -0.11690652370452881, 0.724149227142334, 0.17886532843112946, 0.08941319584846497, -0.5405133366584778, -0.8758726119995117, -0.35764583945274353, -0.8646607995033264, -0.19495952129364014, 0.3646317720413208, 0.7101762294769287, -0.16438929736614227, 0.7301841378211975, -0.9504165053367615, 0.911489725112915, 0.25075089931488037, 0.1921415776014328, -0.5256294012069702, -0.3265974223613739, -0.5085108876228333, -0.7067203521728516, -0.4379611015319824, -0.971369206905365, 0.5975236892700195, -0.09840615838766098, 0.9061349034309387, -0.18115872144699097, 0.46595844626426697, -0.4481259286403656, -0.6677140593528748, -0.17058949172496796, -0.8937700390815735, 0.35878467559814453, 0.09246101975440979, 0.39147940278053284, -0.8840465545654297, 0.9044652581214905, -0.5870450139045715, 0.5595045685768127, 0.7899158000946045, 0.45991984009742737, -0.6398387551307678, -0.6362273693084717, 0.6175782680511475, 0.1282888799905777, 0.3355484902858734, -0.5714585185050964, -0.13876600563526154, -0.5839011073112488, -0.23059304058551788, -0.15669645369052887, 0.0793088749051094, 0.4967600405216217, 0.2739410102367401, 0.03996005654335022, -0.8232366442680359, -0.31122902035713196, -0.6495198607444763, 0.7193117141723633, 0.33527055382728577, 0.33773472905158997, -0.7922635078430176, -0.060821399092674255, 0.36312177777290344, -0.4779118597507477, 0.6719551086425781, 0.12902867794036865, 0.0972616896033287, -0.2719525396823883, -0.8405691981315613, 1.1652708053588867e-05, -0.06412038207054138, -0.1855262964963913, -0.8374764323234558, -0.11160067468881607, 0.19009889662265778, -0.2941502034664154, -0.017857611179351807, -0.3625442683696747, 0.6090105175971985, 0.1949218064546585, 0.24395863711833954, 0.798649251461029, 0.6373612880706787, -0.6297361254692078], "seq_length": 96, "label": 132}