{"angle": 342, "embeddings": [-0.3621916174888611, -0.2188805788755417, 0.12302867323160172, 0.4634336531162262, -0.7066105604171753, -0.44968125224113464, 0.9184467196464539, -0.7153387069702148, -0.3126751184463501, -0.21057187020778656, -0.5438879132270813, -0.4286961555480957, 0.9790394306182861, -0.7971795201301575, 0.793554425239563, -0.19986554980278015, 0.2572678327560425, 0.6703646779060364, -0.9437852501869202, 0.031042590737342834, 0.8493565320968628, -0.143907368183136, -0.9464854001998901, 0.9865233898162842, -0.7040237188339233, -0.5342873930931091, -0.8907003402709961, -0.5661984086036682, -0.3774104714393616, 0.3228526711463928, -0.6189392805099487, -0.6392796039581299, 0.7785294055938721, -0.881611704826355, 0.5578628182411194, 0.15194526314735413, -0.7723659873008728, 0.727059006690979, 0.5450819730758667, -0.4718433618545532, -0.2816574275493622, -0.8915979266166687, 0.6149619221687317, 0.12331275641918182, 0.012132515199482441, 0.9754791259765625, 0.5917274951934814, -0.03462481498718262, 0.051483143121004105, 0.4900645315647125, -0.5117712616920471, 0.2103733867406845, 0.7628360390663147, -0.6564956307411194, 0.7414135932922363, -0.5721680521965027, -0.15676799416542053, 0.31088098883628845, 0.782278835773468, -0.09166185557842255, -0.9610292315483093, -0.5505035519599915, 0.14543376863002777, 0.8592187762260437, 0.10025344043970108, 0.6066775918006897, 0.07420513778924942, -0.5811811685562134, 0.6682268381118774, 0.432217001914978, -0.7457263469696045, 0.6385666131973267, -0.6647213697433472, 0.28548261523246765, 0.47671207785606384, 0.6849871873855591, 0.5455660820007324, 0.9821110963821411, 0.5789979100227356, -0.017077740281820297, 0.7878993153572083, 0.3308241367340088, -0.9393741488456726, 0.40025264024734497, 0.38055768609046936, 0.6578696966171265, 0.2630569040775299, -0.07403943687677383, 0.3903045654296875, -0.9143005013465881, -0.46591195464134216, -0.13205650448799133, -0.9845029711723328, 0.4934091866016388, 0.9856013059616089, -0.9783304929733276, 0.35963383316993713, 0.37297114729881287, 0.11630580574274063, 0.07308702915906906, 0.798366367816925, -0.4984540641307831, -0.3286503255367279, -0.21216800808906555, 0.24881473183631897, 0.2126474827528, 0.6497614979743958, 0.34219884872436523, 0.7787531614303589, -0.02481585368514061, -0.1345638483762741, -0.8526535630226135, -0.7608903646469116, -0.6327587962150574, -0.7509949207305908, 0.3494832515716553, 0.22375789284706116, 0.9321001768112183, -0.7673566937446594, 0.17242084443569183, -0.7844942212104797, -0.41022101044654846, -0.7067804336547852, 0.08527562022209167, 0.22870388627052307, -0.8141390085220337, 0.04881385713815689, -0.24892929196357727, 0.430441677570343, 0.449555903673172, -0.9182502031326294, -0.04827983304858208, -0.8707501292228699, -0.6961402893066406, -0.9421623945236206, -0.8137692213058472, -0.36950674653053284, 0.8587197065353394, -0.49459952116012573, 0.6306636333465576, -0.8344230055809021, -0.058352235704660416, -0.4809752106666565, -0.17640942335128784, -0.23486565053462982, -0.8094213604927063, 0.8450219035148621, -0.3981727957725525, 0.3939756155014038, -0.06693023443222046, -0.8065522313117981, -0.6325483918190002, 0.32715386152267456, 0.15466006100177765, 0.6857908368110657, 0.6738393306732178, -0.3148851692676544, 0.8560355305671692, 0.905748188495636, -0.9076957702636719, 0.8457286357879639, 0.1055978387594223, 0.2930911183357239, 0.1827738732099533, 0.5702649354934692, 0.45628291368484497, 0.6623833179473877, -0.47555989027023315, 0.3148086667060852, 0.37210163474082947, 0.4884410500526428, -0.6285886764526367, 0.35824406147003174, 0.8843671083450317, -0.22747871279716492, -0.3278180658817291, -0.8971405029296875, -0.6871496438980103, -0.741165816783905, -0.397023469209671, 0.2104383260011673, -0.2059819996356964, -0.10170981287956238, 0.8494291305541992, -0.8557790517807007, 0.9413617849349976, 0.17552465200424194, -0.224933922290802, -0.15197187662124634, -0.5047613978385925, -0.445039838552475, -0.9353373050689697, -0.7616938948631287, -0.7478206157684326, 0.21160979568958282, 0.19985613226890564, 0.3434361517429352, 0.18600744009017944, 0.9676899909973145, -0.44169339537620544, -0.6468273997306824, 0.0704382061958313, -0.8159416913986206, 0.029013045132160187, 0.2911496162414551, 0.2066815346479416, -0.9414475560188293, 0.9691444039344788, -0.3046441674232483, 0.41267865896224976, 0.9066979289054871, 0.4810665547847748, -0.5910171866416931, -0.525083601474762, 0.8231254816055298, 0.42637473344802856, 0.24388761818408966, 0.1519293636083603, 0.07569215446710587, -0.5287485122680664, -0.5110127329826355, -0.01377913262695074, 0.12087319046258926, 0.3330920338630676, 0.6240423321723938, -0.764139711856842, -0.7733468413352966, -0.6232633590698242, -0.8388595581054688, 0.20153364539146423, 0.16718719899654388, -0.11073017865419388, -0.9569855332374573, -0.5499854683876038, 0.8990749716758728, -0.11449718475341797, 0.9723249673843384, -0.1337285041809082, 0.010634204372763634, -0.1782066524028778, -0.13490751385688782, 0.7388411164283752, 0.029236702248454094, -0.22551442682743073, -0.9464710354804993, -0.1444099098443985, -0.009009310975670815, -0.5630329847335815, 0.1328573375940323, -0.2274659276008606, -0.05458195134997368, 0.05123649910092354, -0.33669352531433105, 0.7078034281730652, 0.10550358146429062, 0.13530988991260529], "seq_length": 94, "label": 132}