{"angle": 36, "embeddings": [-0.34597086906433105, 0.4270469844341278, 0.337021142244339, 0.3857070207595825, -0.6378237009048462, -0.590595543384552, 0.9102626442909241, -0.6502180099487305, -0.5877115726470947, -0.7090694904327393, -0.28087127208709717, -0.5703603029251099, 0.9778830409049988, -0.8514147996902466, 0.8637450337409973, -0.11182693392038345, 0.7547236680984497, 0.8686590790748596, -0.9068291187286377, -0.3410303294658661, 0.6134147644042969, -0.23970726132392883, -0.911331832408905, 0.8910578489303589, -0.8794111609458923, -0.08041442185640335, -0.5343674421310425, -0.47709232568740845, -0.5960406064987183, 0.2488398253917694, -0.7334697842597961, -0.10676351934671402, 0.8774297833442688, -0.8797909617424011, -0.27898889780044556, 0.4750164747238159, -0.8074257373809814, 0.7409113645553589, 0.7647312879562378, -0.3973022401332855, -0.5808854699134827, -0.9619061350822449, 0.3360426127910614, 0.2007145881652832, -0.12040053308010101, 0.9046667814254761, 0.8033066987991333, -0.3952925205230713, 0.6406250596046448, 0.3525579571723938, -0.7015301585197449, -0.03781036287546158, 0.8292673826217651, -0.8076589107513428, 0.7569113969802856, -0.40198421478271484, -0.21351149678230286, -0.10480379313230515, 0.7845627069473267, 0.46762359142303467, -0.8744950294494629, -0.49219655990600586, 0.4818115830421448, 0.9219517111778259, 0.32646068930625916, 0.6705785989761353, 0.040528781712055206, -0.6317790746688843, -0.38809022307395935, 0.5806750655174255, -0.8320282697677612, 0.8622492551803589, 0.3362775444984436, -0.013707955367863178, 0.18895843625068665, 0.8306263089179993, 0.2543330788612366, 0.9654549360275269, 0.39993152022361755, -0.022476043552160263, 0.7499701380729675, 0.18968695402145386, -0.9372957944869995, 0.3339788019657135, 0.4108366370201111, 0.6976845860481262, 0.12069764733314514, 0.05164200812578201, 0.47978851199150085, -0.91861492395401, -0.8116831183433533, -0.4626511335372925, -0.9706918001174927, 0.7162705659866333, 0.916050374507904, -0.9553646445274353, 0.48732343316078186, 0.6517040729522705, 0.11375980824232101, 0.12928608059883118, 0.6347237229347229, -0.6587350368499756, -0.2840600609779358, -0.6648483276367188, -0.08405932039022446, 0.3886081278324127, 0.9692930579185486, 0.040368061512708664, 0.9131696224212646, -0.014445323497056961, 0.0033958975691348314, -0.8461310863494873, -0.5906301140785217, -0.2459009438753128, -0.8714685440063477, 0.08754750341176987, 0.4875912666320801, 0.9200922846794128, -0.4810653328895569, 0.3897984027862549, -0.9465681910514832, -0.14283353090286255, -0.5485238432884216, -0.26797187328338623, 0.49722111225128174, -0.9660657048225403, 0.13685661554336548, -0.2950226962566376, -0.02501395344734192, 0.4703533351421356, -0.6494967341423035, -0.19608192145824432, -0.7816123366355896, -0.45054933428764343, -0.9601927995681763, -0.7504885196685791, -0.5349751710891724, 0.9257625937461853, -0.3011770248413086, 0.7748324871063232, -0.7344915866851807, -0.018509559333324432, -0.15890608727931976, -0.15410149097442627, -0.6542190909385681, -0.6199703812599182, 0.8680557608604431, -0.03368419408798218, 0.6767699718475342, -0.12655700743198395, -0.8829746246337891, -0.43019020557403564, -0.24785661697387695, 0.18503214418888092, 0.8183314800262451, 0.6895281672477722, -0.3437276780605316, 0.7504990100860596, 0.9502766132354736, -0.8931139707565308, 0.5456564426422119, -0.4463460147380829, 0.5043467283248901, 0.269062876701355, 0.1323486566543579, 0.7661699652671814, 0.5399895310401917, -0.5668929815292358, 0.7256982326507568, 0.22433345019817352, 0.4971892535686493, -0.6575127840042114, 0.33416855335235596, 0.05948448181152344, -0.7104790806770325, -0.26709529757499695, -0.8541185855865479, -0.8720645904541016, -0.8549343943595886, -0.512995183467865, -0.10486443340778351, -0.42193037271499634, -0.10334160178899765, 0.8963768482208252, -0.8756144046783447, 0.8452742099761963, 0.14212650060653687, -0.4386812746524811, -0.4071784019470215, -0.6047621965408325, -0.6825358867645264, -0.8397409319877625, -0.9534605741500854, -0.9608399271965027, 0.5229322910308838, -0.3275931179523468, 0.3835875391960144, -0.04155956208705902, 0.8670549988746643, 0.36192506551742554, -0.7465990781784058, -0.1871926188468933, -0.7720782160758972, 0.19438934326171875, 0.24906131625175476, 0.32050493359565735, -0.9132535457611084, 0.9403716325759888, -0.24591490626335144, 0.6095178127288818, 0.9142485857009888, 0.38604286313056946, -0.6870009303092957, -0.700276255607605, 0.48079073429107666, 0.6293262839317322, 0.293735146522522, -0.2804458737373352, -0.046577293425798416, -0.4515719413757324, -0.49699100852012634, -0.4272061586380005, -0.04061387479305267, 0.4360296428203583, 0.7151593565940857, -0.8274981379508972, -0.934270441532135, -0.6403035521507263, -0.8296966552734375, 0.46877560019493103, 0.41290393471717834, -0.15758533775806427, -0.9644861221313477, -0.4814353585243225, 0.7556564807891846, 0.06946122646331787, 0.9241945743560791, -0.2156652808189392, 0.132049560546875, -0.3156982958316803, -0.3081681728363037, 0.6726654767990112, -0.22394980490207672, -0.07912276685237885, -0.7394657135009766, -0.520065188407898, 0.21093469858169556, -0.6082350611686707, -0.5329737067222595, -0.09020600467920303, 0.06980207562446594, 0.34779733419418335, -0.05044993385672569, 0.33588507771492004, -0.08420848846435547, -0.2752247452735901], "seq_length": 72, "label": 134}