{"angle": 216, "embeddings": [0.564469575881958, 0.8646450042724609, 0.6218510866165161, -0.10028184950351715, -0.6351117491722107, -0.6930838823318481, 0.9797740578651428, -0.7139306664466858, -0.970357358455658, -0.7726792097091675, 0.40256816148757935, -0.8256513476371765, 0.9682496786117554, -0.789016842842102, 0.7284112572669983, 0.753770649433136, 0.602139413356781, 0.6725906729698181, -0.8882198333740234, -0.8071783781051636, 0.2727689743041992, 0.498588889837265, -0.9640350341796875, 0.8382397294044495, -0.7593615651130676, 0.9120998382568359, -0.0024733208119869232, -0.7217361927032471, -0.5915462970733643, -0.25762939453125, -0.7947345972061157, 0.5635449290275574, 0.8336580395698547, -0.9452751278877258, -0.32384151220321655, 0.8467580080032349, -0.1101057380437851, 0.06934715062379837, 0.8443076610565186, 0.3685516119003296, -0.5275210738182068, -0.6029844880104065, -0.01432370487600565, -0.6004094481468201, -0.26818451285362244, 0.9240425229072571, 0.9154020547866821, -0.8972193598747253, 0.7043076753616333, -0.1420394331216812, -0.9079639315605164, 0.06612155586481094, 0.9016239047050476, -0.7252011299133301, 0.8046918511390686, -0.5733734965324402, -0.7976505160331726, 0.18271484971046448, 0.9421511292457581, 0.8445826768875122, -0.8589533567428589, -0.6204408407211304, 0.7720562815666199, 0.8979612588882446, 0.9072858691215515, 0.9763869047164917, 0.007423621602356434, -0.947051465511322, 0.10736516118049622, 0.8814221620559692, -0.7659379243850708, 0.2483058124780655, 0.6438235640525818, -0.7476270794868469, 0.8420843482017517, 0.6613620519638062, 0.09320548176765442, 0.958401083946228, 0.885843813419342, -0.015546590089797974, 0.9514248371124268, 0.3305581510066986, -0.9602044224739075, 0.3114248514175415, 0.806228756904602, 0.7813434600830078, 0.41791534423828125, -0.6132017374038696, 0.6647247672080994, -0.9628643989562988, -0.8834866881370544, -0.6795679926872253, -0.9799271821975708, 0.7576585412025452, 0.904924213886261, -0.9062281847000122, 0.8233612775802612, 0.20559468865394592, 0.10344631224870682, -0.09534404426813126, 0.8149087429046631, -0.7365581393241882, -0.47468674182891846, -0.677202582359314, -0.5944521427154541, 0.5637689232826233, 0.8647893071174622, 0.6337354779243469, 0.8881503939628601, 0.21297311782836914, -0.07957965135574341, -0.781093955039978, 0.1582392156124115, -0.01966637372970581, -0.8655452728271484, 0.0654488131403923, 0.7346066832542419, 0.8163216710090637, -0.4791167974472046, -0.020341360941529274, -0.2543058395385742, 0.04231233894824982, 0.32283133268356323, 0.2051430344581604, 0.7175862789154053, -0.9207574725151062, 0.4689916670322418, 0.09000250697135925, -0.6232061386108398, 0.7339572310447693, 0.33564692735671997, -0.596477746963501, -0.8634271025657654, -0.015678469091653824, -0.8742275834083557, -0.22427643835544586, -0.7161321043968201, 0.9213646054267883, 0.23802821338176727, 0.9107025861740112, -0.8283255100250244, -0.6734798550605774, -0.21931754052639008, -0.08944281190633774, -0.5096902847290039, -0.9286157488822937, 0.9136853218078613, 0.1578352451324463, 0.8040673136711121, -0.024460311979055405, -0.8131352663040161, -0.8639763593673706, 0.1608343869447708, 0.3458975851535797, 0.9610788226127625, 0.8794648051261902, -0.11555322259664536, 0.5016545653343201, 0.8155903220176697, -0.9238369464874268, 0.7834393382072449, -0.5426174998283386, 0.8043968081474304, 0.1280631124973297, 0.6567015051841736, 0.9233521223068237, 0.06480145454406738, -0.6437533497810364, 0.9460217356681824, 0.3753182888031006, 0.009047492407262325, -0.49036192893981934, 0.42580756545066833, 0.019750511273741722, 0.06146402657032013, -0.7591573596000671, -0.7536590099334717, -0.6758666634559631, -0.917951762676239, -0.6544567942619324, -0.7382776737213135, -0.08438043296337128, 0.06362950056791306, 0.9328655004501343, -0.8356218934059143, -0.05361560732126236, 0.5314310193061829, -0.286113977432251, -0.6478347182273865, 0.35699257254600525, -0.8232796788215637, -0.9415395855903625, -0.918009340763092, -0.19793447852134705, 0.2922247350215912, -0.4967438578605652, 0.7142441868782043, -0.6585145592689514, 0.7024574279785156, 0.6605818867683411, -0.7457398772239685, -0.522017776966095, -0.5588682889938354, -0.04299864172935486, 0.7651591897010803, 0.3766322731971741, -0.9745326638221741, 0.8873519897460938, -0.22987432777881622, 0.695676863193512, 0.9203570485115051, -0.18354284763336182, -0.48424890637397766, -0.7454219460487366, 0.9212627410888672, -0.3496621251106262, 0.9327057600021362, 0.6292490363121033, 0.37840694189071655, -0.34648269414901733, -0.8174972534179688, -0.5234760046005249, -0.13701868057250977, 0.3360600769519806, 0.6029479503631592, -0.5391560792922974, -0.7107795476913452, 0.056123752146959305, -0.9067056179046631, 0.19150477647781372, 0.6713879108428955, -0.6452218890190125, -0.9591182470321655, -0.07237362861633301, 0.8850187063217163, -0.42712488770484924, 0.8342003226280212, -0.3013443946838379, 0.23120200634002686, -0.1709100306034088, -0.03632504120469093, 0.9388382434844971, -0.5840509533882141, 0.6601970195770264, -0.7015150785446167, -0.5448487997055054, 0.196590855717659, 0.027742207050323486, -0.50897216796875, 0.7083839178085327, -0.03751450404524803, 0.811082661151886, -0.39842766523361206, 0.6194190979003906, -0.11625296622514725, 0.30349311232566833], "seq_length": 71, "label": 134}