{"angle": 216, "embeddings": [0.7170240879058838, 0.9043726921081543, 0.8103393912315369, 0.053728602826595306, -0.7323417067527771, -0.6774684190750122, 0.979823112487793, -0.46000775694847107, -0.950849711894989, -0.8157458901405334, 0.5088580250740051, -0.8121975660324097, 0.9798028469085693, -0.7998550534248352, 0.7529334425926208, 0.6621397733688354, 0.2990890145301819, 0.7710775136947632, -0.8540805578231812, -0.6807669997215271, 0.5618058443069458, 0.5797150135040283, -0.9416847229003906, 0.8627372980117798, -0.8409450054168701, 0.9266133308410645, -0.04166682809591293, -0.6486181020736694, -0.3635859787464142, -0.029089052230119705, -0.8031797409057617, 0.44811126589775085, 0.8064934015274048, -0.874343752861023, -0.3912532925605774, 0.8430895209312439, -0.05427917093038559, 0.15113967657089233, 0.9007498025894165, 0.11874635517597198, -0.28238561749458313, -0.501008152961731, -0.0007326094782911241, -0.48381853103637695, -0.2475135177373886, 0.9183849692344666, 0.8618277311325073, -0.2921147048473358, 0.7762587666511536, -0.01007321197539568, -0.9120819568634033, 0.015264689922332764, 0.9641295671463013, -0.6135134696960449, 0.9321513175964355, -0.17903733253479004, -0.8973134756088257, 0.1450069397687912, 0.9730203151702881, 0.8217859268188477, -0.8393735289573669, -0.2574309706687927, 0.75, 0.8730735182762146, 0.8273583054542542, 0.9576257467269897, -0.05773896723985672, -0.9358152151107788, 0.3528905510902405, 0.8840898275375366, -0.41262099146842957, 0.26159942150115967, 0.5156977772712708, -0.6182070970535278, 0.7820013761520386, 0.7130003571510315, 0.1120327040553093, 0.9604936242103577, 0.914664089679718, 0.0195716954767704, 0.9028081297874451, 0.3576149344444275, -0.9343087673187256, 0.12612947821617126, 0.3188949525356293, 0.795070230960846, 0.33325397968292236, -0.3222521245479584, 0.7804198265075684, -0.9778674244880676, -0.9011804461479187, -0.34389567375183105, -0.9684267640113831, 0.86125648021698, 0.9151963591575623, -0.9557065367698669, 0.7047420740127563, 0.11262518912553787, 0.14559751749038696, -0.11996933817863464, 0.8870375752449036, -0.7128185629844666, -0.3343352675437927, -0.7034662961959839, -0.45442813634872437, 0.5223747491836548, 0.9338886737823486, 0.515616238117218, 0.8372271656990051, 0.173015296459198, 0.00044034866732545197, -0.7807151675224304, 0.015129214152693748, -0.02970920316874981, -0.92498379945755, -0.030214320868253708, 0.5934026837348938, 0.690803587436676, -0.25912564992904663, 0.15263395011425018, -0.22858557105064392, -0.4580179750919342, 0.4109448790550232, -0.040697645395994186, 0.4583795964717865, -0.9433461427688599, 0.6482924818992615, 0.24078403413295746, -0.4872525930404663, 0.7888070940971375, 0.2090350091457367, -0.5368292331695557, -0.9113271236419678, 0.11967568844556808, -0.8475341796875, -0.290476530790329, -0.7010253071784973, 0.949928879737854, 0.28220582008361816, 0.8491269946098328, -0.7776351571083069, -0.6934563517570496, -0.2832242548465729, 0.004668188747018576, -0.5652356743812561, -0.954899787902832, 0.9588422775268555, 0.1807548552751541, 0.9169787764549255, 0.054526638239622116, -0.8242674469947815, -0.6586257219314575, -0.12002386897802353, 0.30499735474586487, 0.9003912210464478, 0.8809086084365845, -0.17887578904628754, 0.35154786705970764, 0.6327219605445862, -0.8975532650947571, 0.6920990347862244, -0.5244011878967285, 0.8673924803733826, 0.20205655694007874, 0.6697261333465576, 0.8859226703643799, 0.10112879425287247, -0.4579084515571594, 0.9157760143280029, 0.19402267038822174, 0.10274343192577362, -0.41069090366363525, 0.10687599331140518, 0.35537663102149963, -0.006403373088687658, -0.6984490156173706, -0.7827528715133667, -0.5425310730934143, -0.943644642829895, -0.7692988514900208, -0.7514628171920776, -0.3051590919494629, 0.027831092476844788, 0.9189229011535645, -0.7971575856208801, -0.056458480656147, 0.5675248503684998, -0.4976796507835388, -0.4343893229961395, 0.10835076868534088, -0.8146393299102783, -0.9153377413749695, -0.918012797832489, -0.1546671986579895, 0.37945476174354553, -0.5421923995018005, 0.4361131489276886, -0.534220278263092, 0.6129957437515259, 0.6670103073120117, -0.8385036587715149, 0.2736057639122009, -0.6377783417701721, -0.24434515833854675, 0.7694193124771118, 0.4328606426715851, -0.968201756477356, 0.8841946125030518, 0.1803668588399887, 0.722398579120636, 0.9433209300041199, -0.11395291984081268, -0.6048731207847595, -0.7577602863311768, 0.8880836367607117, -0.3591688573360443, 0.939954936504364, 0.5010941028594971, 0.015113471075892448, -0.4764763116836548, -0.8151991963386536, -0.7468388080596924, -0.20752863585948944, 0.28966954350471497, 0.7527204155921936, -0.42485877871513367, -0.7632179260253906, -0.01245780847966671, -0.6309969425201416, 0.32667168974876404, 0.617828369140625, -0.5953565835952759, -0.9542821645736694, 0.1290711909532547, 0.9301376938819885, -0.06834468245506287, 0.8804457783699036, -0.23471595346927643, 0.3530540466308594, -0.462155818939209, -0.025356542319059372, 0.9162967205047607, -0.09216956049203873, 0.7117612957954407, -0.8096145391464233, -0.4441879689693451, 0.22866369783878326, 0.1567922830581665, -0.6366718411445618, 0.7175627946853638, 0.25556352734565735, 0.5595688819885254, -0.171312615275383, 0.6062101721763611, -0.4601724147796631, 0.1348266452550888], "seq_length": 61, "label": 134}