{"angle": 36, "embeddings": [-0.16622909903526306, 0.3570900857448578, 0.493754506111145, 0.6180624961853027, -0.6518117189407349, -0.7194629311561584, 0.9662371873855591, -0.7151525020599365, -0.8474313616752625, -0.8330594301223755, -0.45775434374809265, -0.6694817543029785, 0.9832392930984497, -0.8674139380455017, 0.8577533960342407, -0.0810537040233612, 0.704149603843689, 0.9217604994773865, -0.8426024317741394, -0.11380000412464142, 0.6129257082939148, -0.012832186184823513, -0.9173216223716736, 0.8746836185455322, -0.8891539573669434, -0.059961948543787, -0.45554623007774353, -0.25190815329551697, -0.7506604790687561, 0.34882593154907227, -0.8640184998512268, -0.37051695585250854, 0.9227159023284912, -0.9081519842147827, -0.3798185884952545, 0.5375879406929016, -0.7081836462020874, 0.6616125106811523, 0.7309452295303345, -0.41796576976776123, -0.6285450458526611, -0.9207598567008972, 0.009264792315661907, -0.12297894060611725, -0.25832098722457886, 0.9438146948814392, 0.806679368019104, -0.20190581679344177, 0.6792943477630615, 0.41919606924057007, -0.7889253497123718, -0.19529765844345093, 0.8803261518478394, -0.8145235776901245, 0.8699979782104492, -0.24019485712051392, -0.5002983212471008, 0.2964898347854614, 0.8726494908332825, 0.4483613669872284, -0.9268855452537537, -0.44353023171424866, 0.7164326906204224, 0.9090180397033691, 0.25213685631752014, 0.702876627445221, 0.02385944500565529, -0.5035573840141296, -0.4203799366950989, 0.49783799052238464, -0.7592341899871826, 0.7497274875640869, 0.20282414555549622, 0.22795666754245758, 0.4910544455051422, 0.7802754044532776, 0.35284945368766785, 0.9513289332389832, 0.47556746006011963, -0.15152092278003693, 0.9552132487297058, 0.31234878301620483, -0.9712066054344177, 0.38325950503349304, 0.6525999307632446, 0.7875936031341553, 0.38540780544281006, -0.18901532888412476, 0.5684718489646912, -0.9480492472648621, -0.8310635685920715, -0.331229031085968, -0.9822791814804077, 0.7501550316810608, 0.9096102118492126, -0.975691556930542, 0.5358473658561707, 0.6082577109336853, 0.1516704112291336, -0.17153117060661316, 0.808077335357666, -0.7124758362770081, -0.4649433493614197, -0.6808682084083557, -0.30168652534484863, 0.4000197649002075, 0.9587637186050415, 0.23913615942001343, 0.934387743473053, 0.17541544139385223, -0.04449227824807167, -0.8656907677650452, -0.6717609763145447, -0.35783272981643677, -0.9063944220542908, 0.11678440123796463, 0.3197062611579895, 0.9237974286079407, -0.3902572989463806, 0.2674797773361206, -0.948206901550293, -0.49627989530563354, -0.5695735216140747, -0.479391872882843, 0.4967900514602661, -0.9662816524505615, 0.16158737242221832, 0.003536560107022524, 0.0015959209995344281, 0.49681684374809265, -0.7498984336853027, 0.022064993157982826, -0.8485579490661621, -0.46838733553886414, -0.960536003112793, -0.6822233200073242, -0.5368289351463318, 0.9123094081878662, -0.3063063621520996, 0.5706462860107422, -0.8438746929168701, -0.0385131761431694, -0.30835139751434326, 0.15605831146240234, -0.5932813286781311, -0.776354968547821, 0.9590158462524414, -0.06989351660013199, 0.5841056704521179, -0.08195483684539795, -0.9399811029434204, -0.5765104293823242, -0.037904951721429825, 0.03605073690414429, 0.8313239216804504, 0.5197435021400452, -0.4615066647529602, 0.7820460796356201, 0.9584185481071472, -0.9544290900230408, 0.6082522869110107, -0.49457618594169617, 0.4622851610183716, 0.4486665427684784, 0.235423743724823, 0.6230833530426025, 0.5889217853546143, -0.7011430263519287, 0.7621469497680664, -0.03484755754470825, 0.5595390200614929, -0.640895664691925, 0.30404534935951233, 0.27973297238349915, -0.29307276010513306, -0.07780484855175018, -0.8911548852920532, -0.868013858795166, -0.8303943276405334, -0.6995112895965576, 0.0033970680087804794, -0.6049657464027405, -0.1661645919084549, 0.9160143733024597, -0.8934858441352844, 0.8907807469367981, 0.14871151745319366, -0.5760844945907593, -0.32680442929267883, -0.7296919226646423, -0.7930416464805603, -0.9288820624351501, -0.9209614992141724, -0.928842306137085, 0.5790138244628906, -0.36562174558639526, 0.848588228225708, -0.0617339126765728, 0.9080249071121216, 0.23731212317943573, -0.7764858603477478, -0.0707368478178978, -0.6753742694854736, -0.16340838372707367, 0.17235352098941803, 0.296646386384964, -0.954650342464447, 0.8764687180519104, -0.24209251999855042, 0.6721013784408569, 0.9303287863731384, 0.4728940427303314, -0.628253698348999, -0.7021424174308777, 0.626656711101532, 0.6367707252502441, 0.23329946398735046, -0.43689483404159546, -0.35623085498809814, -0.5682158470153809, -0.376430481672287, -0.6547260880470276, -0.3221099078655243, 0.33812740445137024, 0.7984476685523987, -0.869382917881012, -0.9241295456886292, -0.7409469485282898, -0.8459765911102295, 0.35503169894218445, 0.44589483737945557, -0.16145002841949463, -0.9695506691932678, -0.19300903379917145, 0.8427309393882751, 0.19471591711044312, 0.912419319152832, -0.1680566668510437, 0.08246272057294846, -0.35333043336868286, -0.2150125503540039, 0.8133465051651001, -0.178569957613945, 0.12826970219612122, -0.9100697040557861, -0.3925691843032837, 0.25094518065452576, -0.5093410611152649, -0.5525025129318237, 0.15677911043167114, 0.43151426315307617, 0.08583862334489822, 0.17669422924518585, 0.4357971251010895, -0.47842857241630554, 0.31720826029777527], "seq_length": 90, "label": 134}