{"angle": 162, "embeddings": [-0.8166418671607971, -0.06115100532770157, -0.395602285861969, 0.4890969693660736, -0.7825114130973816, 0.09008151292800903, 0.8377058506011963, -0.5593116879463196, 0.13485777378082275, 0.28264978528022766, -0.6466533541679382, -0.1324426680803299, 0.9145708084106445, -0.4496147632598877, 0.8802312612533569, -0.3126392662525177, 0.27988511323928833, 0.645211398601532, -0.9344436526298523, 0.33769237995147705, 0.9415125250816345, -0.4931737184524536, -0.9185150265693665, 0.8718739151954651, -0.8161826729774475, -0.586991012096405, -0.8962801694869995, -0.6794545650482178, -0.0032847649417817593, 0.31185242533683777, 0.0499945692718029, -0.9383030533790588, 0.7523201107978821, 0.14909368753433228, 0.47596341371536255, 0.2632219195365906, -0.5171977877616882, 0.6977270841598511, 0.4517352879047394, -0.7517535090446472, -0.4626482129096985, -0.9350698590278625, 0.7587038278579712, 0.6530922055244446, 0.29924166202545166, 0.8282933831214905, 0.17378315329551697, -0.4000126123428345, 0.13971471786499023, -0.4583621323108673, -0.6384890675544739, 0.4260488450527191, 0.023797856643795967, -0.8298357725143433, 0.30691391229629517, -0.8325119018554688, 0.6114920377731323, 0.6339037418365479, 0.12571392953395844, -0.13123518228530884, -0.9185102581977844, -0.3616599142551422, 0.026938626542687416, 0.7501540780067444, -0.14221179485321045, 0.41089874505996704, 0.37247973680496216, -0.6166408658027649, 0.7723127603530884, -0.4899213910102844, -0.39401569962501526, 0.3868024945259094, -0.3203616738319397, 0.20179030299186707, 0.009268995374441147, 0.6406704187393188, 0.46244367957115173, 0.6066005229949951, 0.42713209986686707, -0.8694975972175598, 0.08886518329381943, -0.48260605335235596, -0.7606084942817688, 0.6517781615257263, -0.5644081830978394, -0.287864625453949, -0.48469680547714233, 0.16602769494056702, 0.7954493761062622, -0.8650267720222473, -0.4891182780265808, -0.6388137936592102, -0.8840809464454651, 0.5707781314849854, 0.7133305668830872, -0.7860121726989746, 0.537790834903717, 0.16817976534366608, 0.2825663387775421, 0.11272364854812622, 0.33969971537590027, -0.6545180082321167, -0.34501180052757263, -0.6641199588775635, 0.3370450735092163, 0.1945231854915619, 0.501926064491272, 0.3265628516674042, 0.039204277098178864, -0.23827239871025085, 0.18599241971969604, -0.9437510371208191, -0.6222198605537415, -0.821255087852478, -0.44917988777160645, 0.5698738694190979, 0.7264882922172546, 0.8518394827842712, -0.47034019231796265, -0.2626136541366577, -0.8060535788536072, -0.4097498059272766, -0.8483445048332214, 0.7647364139556885, -0.022868888452649117, -0.888003945350647, -0.5248013138771057, -0.5158817172050476, 0.7793283462524414, 0.7088722586631775, -0.9232486486434937, 0.7240802645683289, -0.7910856008529663, -0.7846910357475281, -0.706836998462677, -0.901205837726593, 0.4297419786453247, 0.7396608591079712, -0.804469883441925, 0.22581931948661804, -0.09681758284568787, -0.3022562563419342, 0.03425619378685951, 0.6321908831596375, -0.47184380888938904, -0.3667592406272888, 0.7030677795410156, -0.22480091452598572, 0.42612212896347046, -0.35872703790664673, -0.9265269637107849, 0.10176204144954681, 0.5076956748962402, -0.4138917624950409, 0.5048224925994873, 0.22193223237991333, 0.3486682176589966, 0.8905141353607178, 0.9412711262702942, -0.8497527241706848, 0.6143903732299805, -0.3501381576061249, -0.7346727252006531, 0.7271365523338318, 0.5709909796714783, 0.16096998751163483, 0.14439862966537476, -0.20154467225074768, 0.05737447366118431, 0.5116519331932068, -0.4857026934623718, 0.3157636821269989, 0.7854843735694885, 0.45686712861061096, -0.609061062335968, -0.7048028707504272, -0.9778897762298584, -0.3530225455760956, -0.7198556661605835, -0.021570397540926933, 0.713931679725647, 0.22609616816043854, -0.5705589652061462, 0.6212542057037354, -0.9053466320037842, 0.9412328004837036, -0.09045664966106415, 0.10216417908668518, -0.44009292125701904, -0.34962666034698486, -0.48865383863449097, -0.8184458017349243, -0.08779138326644897, -0.9314143061637878, 0.5889977812767029, 0.500185489654541, 0.6740255355834961, -0.13955217599868774, 0.5383033156394958, -0.38413476943969727, -0.6065088510513306, 0.00980414915829897, -0.9083115458488464, 0.31266260147094727, 0.03255743905901909, 0.13575731217861176, -0.8952993154525757, 0.8938305974006653, -0.40193700790405273, 0.5283299088478088, 0.9094107151031494, 0.3520740270614624, -0.6001893281936646, -0.7529415488243103, 0.25422754883766174, 0.009836358018219471, 0.15076574683189392, -0.6300234198570251, 0.06096060201525688, -0.8198647499084473, -0.19292990863323212, 0.1619037687778473, 0.23087234795093536, 0.6840617060661316, 0.2947826087474823, 0.005213970318436623, -0.8414431810379028, -0.2539592683315277, -0.7746627926826477, 0.29023808240890503, 0.3464880585670471, 0.2944909334182739, -0.8867142200469971, -0.32563745975494385, 0.1473873406648636, -0.6792259216308594, 0.8438166975975037, -0.23424284160137177, -0.23291486501693726, -0.05171389877796173, -0.6805577278137207, 0.049848560243844986, 0.20081903040409088, -0.6669834852218628, -0.5603768825531006, -0.007370322477072477, 0.05461866781115532, -0.4358900189399719, 0.02434169501066208, -0.44181516766548157, 0.4565873146057129, -0.16275706887245178, 0.10702607035636902, 0.8809109330177307, 0.7900770306587219, -0.3258233666419983], "seq_length": 86, "label": 133}