{"angle": 342, "embeddings": [0.4247310161590576, 0.5735085010528564, 0.4983373284339905, -0.1342187076807022, -0.3211618661880493, -0.2119685411453247, 0.9660061597824097, -0.6400024890899658, -0.9440828561782837, -0.38570401072502136, 0.010372047312557697, -0.8672444820404053, 0.9304653406143188, -0.8799414038658142, 0.7968465685844421, 0.6568987965583801, 0.30599746108055115, 0.36897146701812744, -0.767092764377594, -0.5983826518058777, 0.4814012050628662, 0.03805819898843765, -0.7702088356018066, 0.6455364227294922, -0.7131533026695251, 0.32787075638771057, -0.6450943946838379, -0.5677030682563782, -0.2114349752664566, -0.1404382586479187, -0.5238209962844849, 0.4337296187877655, 0.7977548241615295, -0.971645712852478, 0.28158900141716003, 0.1935572475194931, -0.25895726680755615, 0.18244053423404694, 0.6821742057800293, 0.1790871024131775, -0.5618696212768555, -0.2769657373428345, 0.20558057725429535, -0.7612913250923157, -0.16055582463741302, 0.9203172326087952, 0.6735872626304626, -0.505129873752594, -0.24652864038944244, 0.28127580881118774, -0.5201777815818787, 0.3045845031738281, 0.7556053400039673, -0.40584105253219604, 0.8247531056404114, -0.5704176425933838, -0.5876983404159546, -0.02072768285870552, 0.8136473894119263, 0.4172132909297943, -0.9586749076843262, -0.650978147983551, 0.6453176140785217, 0.9261389374732971, 0.8365257978439331, 0.9157583713531494, -0.3101472556591034, -0.9518051147460938, 0.5042324662208557, 0.7640284895896912, -0.7999787926673889, 0.6032249927520752, 0.19347625970840454, -0.7892851829528809, 0.44335320591926575, 0.6277590394020081, -0.15121914446353912, 0.9079399108886719, 0.7951133847236633, -0.048481475561857224, 0.5803015232086182, 0.5660043954849243, -0.9326251149177551, 0.3680982291698456, 0.7049490213394165, 0.8260766863822937, -0.032285548746585846, -0.17081886529922485, 0.08194912225008011, -0.8294293880462646, -0.7286933660507202, -0.3625628650188446, -0.9888012409210205, 0.39917686581611633, 0.755978524684906, -0.7233308553695679, 0.8525183200836182, -0.2989015281200409, 0.18140770494937897, -0.05522674694657326, 0.6609362959861755, -0.6626014709472656, -0.19614830613136292, -0.47323286533355713, -0.33528196811676025, -0.24029453098773956, 0.554963231086731, 0.4301224648952484, 0.6650550365447998, 0.005872468929737806, 0.08834090828895569, -0.5837008953094482, -0.1978904753923416, 0.16731098294258118, -0.5649740099906921, 0.044812917709350586, 0.3990720510482788, 0.9214956760406494, -0.46991607546806335, 0.41409918665885925, -0.16681230068206787, 0.14412233233451843, -0.014826765283942223, 0.28310492634773254, 0.6548635363578796, -0.6450399160385132, 0.8972058892250061, 0.1320449858903885, -0.2673698961734772, 0.46360713243484497, 0.05427982285618782, -0.7583844661712646, -0.8437165021896362, -0.725124716758728, -0.8027400970458984, -0.5227430462837219, -0.683012068271637, 0.9177343845367432, 0.04372463375329971, 0.7336801290512085, -0.6507468223571777, -0.02311292663216591, 0.12752915918827057, -0.47674670815467834, 0.038206711411476135, -0.7574089765548706, 0.7109059691429138, -0.34269940853118896, 0.31692370772361755, -0.010297928005456924, -0.6771851181983948, -0.8769574165344238, 0.14648471772670746, 0.7061454653739929, 0.8837823271751404, 0.6976124048233032, -0.058407556265592575, 0.35339468717575073, 0.8204124569892883, -0.7058384418487549, 0.7875998020172119, -0.2671705186367035, 0.6657723784446716, 0.01908695138990879, 0.6051806807518005, 0.6364756226539612, 0.20542417466640472, 0.42738601565361023, 0.6082568168640137, 0.5753337740898132, 0.3167530298233032, -0.7645811438560486, 0.07053481042385101, 0.6220585703849792, 0.08348380774259567, -0.5813894867897034, -0.34316155314445496, -0.7757970690727234, -0.8883769512176514, -0.058739591389894485, -0.5291483998298645, -0.43297743797302246, 0.31407541036605835, 0.9381613731384277, -0.6462287902832031, -0.10918217897415161, -0.025827988982200623, -0.38878440856933594, -0.6910154819488525, 0.6440958976745605, -0.4509701430797577, -0.6428897380828857, -0.7204535007476807, -0.6843951344490051, -0.15701323747634888, -0.006181173492223024, 0.30512866377830505, -0.27648258209228516, 0.895820677280426, 0.5593398809432983, -0.8765950798988342, -0.012417576275765896, -0.753398060798645, 0.050727728754282, 0.1258036196231842, 0.22880476713180542, -0.7827150821685791, 0.6069964170455933, -0.5641432404518127, 0.7325598001480103, 0.9007676839828491, 0.3577507436275482, -0.05893993377685547, -0.5319591164588928, 0.916846752166748, -0.47432029247283936, 0.635956883430481, 0.47381192445755005, 0.6578399538993835, 0.01163510326296091, -0.9049742221832275, 0.3336137533187866, 0.37449419498443604, -0.07618629932403564, 0.3693980872631073, -0.9107589721679688, -0.12069812417030334, 0.03935953229665756, -0.8947041034698486, 0.3419223725795746, 0.6435114145278931, -0.6538448929786682, -0.9721777439117432, -0.6890136003494263, 0.7688596248626709, -0.4081513583660126, 0.45148685574531555, -0.10395925492048264, 0.15960584580898285, -0.07286548614501953, -0.056472670286893845, 0.8807068467140198, -0.2118401974439621, 0.0006464672042056918, -0.8596372008323669, -0.4638591408729553, -0.5104795694351196, -0.6578437685966492, -0.3160323202610016, 0.34773966670036316, -0.5272395610809326, 0.6570115685462952, -0.5464845299720764, -0.04533379524946213, 0.11231163144111633, 0.22383208572864532], "seq_length": 100, "label": 133}