{"angle": 162, "embeddings": [-0.8445838689804077, 0.07642308622598648, -0.24218709766864777, 0.4391336441040039, -0.7452074885368347, -0.09308997541666031, 0.8568136692047119, -0.7602809071540833, -0.04361845552921295, 0.10880793631076813, -0.5658363699913025, -0.03755299746990204, 0.9341331720352173, -0.5755939483642578, 0.8825188279151917, -0.3209421932697296, 0.16377952694892883, 0.6559091210365295, -0.949394941329956, 0.440957635641098, 0.9247214794158936, -0.38527804613113403, -0.9471893310546875, 0.8040354251861572, -0.8465341925621033, -0.5679799914360046, -0.8960521817207336, -0.42865681648254395, -0.17954839766025543, 0.47337010502815247, 0.07523661851882935, -0.9382975697517395, 0.8222458958625793, -0.17812350392341614, 0.40674492716789246, 0.3629513084888458, -0.7209742665290833, 0.7389576435089111, 0.3874824047088623, -0.7370344400405884, -0.3112938702106476, -0.8967716693878174, 0.7438071966171265, 0.7124408483505249, 0.21164393424987793, 0.8382591605186462, 0.51697838306427, -0.4216332733631134, 0.3102302551269531, -0.3388272821903229, -0.5387082099914551, 0.36768871545791626, 0.15817764401435852, -0.86274254322052, 0.37005457282066345, -0.771712601184845, 0.3966653347015381, 0.7000201940536499, 0.3228590786457062, -0.1311672031879425, -0.9117816090583801, -0.43536117672920227, -0.027615398168563843, 0.5851848125457764, -0.12274018675088882, 0.46689721941947937, 0.24692369997501373, -0.6800740361213684, 0.5737603902816772, -0.29055461287498474, -0.3965899348258972, 0.6371544003486633, -0.30809932947158813, 0.20718666911125183, -0.07121825963258743, 0.6501532196998596, 0.4076123535633087, 0.6051422357559204, 0.5999521017074585, -0.8559718132019043, 0.23443782329559326, -0.3850726783275604, -0.805314302444458, 0.5878176689147949, -0.44000208377838135, 0.009370898827910423, -0.509050726890564, 0.16175435483455658, 0.8013812899589539, -0.8786826729774475, -0.5550157427787781, -0.5859894752502441, -0.9212334156036377, 0.4542352259159088, 0.743724524974823, -0.8096081614494324, 0.519450306892395, 0.27600622177124023, 0.01683364249765873, 0.09003717452287674, 0.4055944085121155, -0.6586927771568298, -0.44993653893470764, -0.5631322264671326, 0.24117961525917053, 0.17825601994991302, 0.5970694422721863, 0.3067966103553772, 0.1466861516237259, -0.07970129698514938, 0.013145934790372849, -0.9581275582313538, -0.6561803221702576, -0.8205442428588867, -0.5591377019882202, 0.5174671411514282, 0.7212197780609131, 0.8529378771781921, -0.5012648701667786, -0.14093412458896637, -0.8315761089324951, -0.46972745656967163, -0.8849207162857056, 0.5722358822822571, -0.14883297681808472, -0.9125699996948242, -0.5072154998779297, -0.5823348760604858, 0.7572174072265625, 0.6357046961784363, -0.9364169239997864, 0.6380184292793274, -0.8232012391090393, -0.7108746767044067, -0.734360933303833, -0.9008907675743103, 0.3934761583805084, 0.7449244856834412, -0.7219276428222656, 0.19573988020420074, -0.31543734669685364, -0.19338132441043854, -0.011513806879520416, 0.6835393309593201, -0.48763570189476013, -0.5106973052024841, 0.6874868273735046, -0.15326088666915894, 0.5985981822013855, -0.5422101616859436, -0.8895818591117859, -0.023874888196587563, 0.4712405800819397, -0.3778521418571472, 0.7017714381217957, 0.3775646388530731, 0.022513888776302338, 0.8854178190231323, 0.9536867141723633, -0.8737134337425232, 0.6077935099601746, -0.2105240374803543, -0.7332822680473328, 0.5723384022712708, 0.627124547958374, 0.19405080378055573, 0.11561626940965652, -0.36749109625816345, 0.11289429664611816, 0.3292228579521179, -0.299278199672699, -0.028412364423274994, 0.780869722366333, 0.4756222069263458, -0.7248998880386353, -0.5203616619110107, -0.9743359684944153, -0.31792762875556946, -0.831496000289917, -0.21423043310642242, 0.7625344395637512, 0.2041292041540146, -0.5745715498924255, 0.5444204807281494, -0.9192299246788025, 0.9644505381584167, 0.03271949291229248, 0.011685418896377087, -0.5015362501144409, -0.5084929466247559, -0.5978517532348633, -0.8069397211074829, -0.2722734212875366, -0.9383681416511536, 0.5998141765594482, 0.2712770402431488, 0.7309784293174744, -0.15935342013835907, 0.5348944067955017, -0.3140060305595398, -0.6252961754798889, 0.037000421434640884, -0.9181250929832458, 0.13849718868732452, -0.15926459431648254, 0.057458557188510895, -0.9129157662391663, 0.9128441214561462, -0.5254419445991516, 0.4792379140853882, 0.9412644505500793, 0.520097553730011, -0.6004742980003357, -0.712780773639679, 0.4482673704624176, 0.03922746330499649, 0.1382085531949997, -0.5429779887199402, -0.02089700661599636, -0.8088680505752563, -0.1666610985994339, -0.07391708344221115, 0.27571213245391846, 0.5222446322441101, 0.4478490352630615, 0.08626364171504974, -0.838496744632721, -0.33303102850914, -0.7525337338447571, 0.38905221223831177, 0.3592779338359833, 0.5633403062820435, -0.9275209307670593, -0.26183342933654785, 0.28666913509368896, -0.5262211561203003, 0.876971960067749, -0.1986771821975708, -0.15046177804470062, -0.30390262603759766, -0.5897828340530396, 0.03918483480811119, 0.056457728147506714, -0.7072730660438538, -0.698625385761261, -0.09093495458364487, 0.05276361480355263, -0.4928604066371918, 0.0008586434996686876, -0.4456200897693634, 0.701616108417511, -0.23465639352798462, 0.13939091563224792, 0.8398016691207886, 0.709141194820404, -0.2815743088722229], "seq_length": 85, "label": 133}