{"angle": 342, "embeddings": [0.5022376179695129, 0.6664119958877563, 0.47137320041656494, -0.03042454831302166, -0.4088676869869232, -0.10501083731651306, 0.9553372263908386, -0.4772176742553711, -0.9303291440010071, -0.35417184233665466, 0.01927836611866951, -0.8345025181770325, 0.9394403100013733, -0.8011273741722107, 0.7551455497741699, 0.6937570571899414, 0.20533038675785065, 0.3726641833782196, -0.6824045181274414, -0.6900838613510132, 0.4233676791191101, 0.20540618896484375, -0.7403978109359741, 0.52372807264328, -0.6847171783447266, 0.5775318741798401, -0.4680197238922119, -0.5273473262786865, -0.10953455418348312, -0.26904284954071045, -0.5087393522262573, 0.607327401638031, 0.7424999475479126, -0.9649232029914856, 0.2681679129600525, 0.2440321147441864, -0.0704522430896759, 0.13317161798477173, 0.7082808613777161, 0.1963638961315155, -0.2739393711090088, -0.08444850146770477, 0.06949958950281143, -0.8344480991363525, -0.12594804167747498, 0.8435205221176147, 0.6586378216743469, -0.3221368193626404, -0.10681302845478058, -0.0800047293305397, -0.3560539186000824, 0.43419694900512695, 0.7426103353500366, -0.49975717067718506, 0.8147956728935242, -0.2678305506706238, -0.6921682953834534, -0.19132958352565765, 0.8760353922843933, 0.5262948870658875, -0.9274009466171265, -0.41406726837158203, 0.6058493852615356, 0.9491415619850159, 0.8594036102294922, 0.9398300647735596, -0.3755945563316345, -0.9608402252197266, 0.19911989569664001, 0.8222215175628662, -0.6759743094444275, 0.6158801317214966, 0.29369693994522095, -0.9116987586021423, 0.4479620158672333, 0.44308456778526306, -0.22274073958396912, 0.9457116723060608, 0.7710654139518738, -0.038075122982263565, 0.6046772599220276, 0.5860759019851685, -0.8478085398674011, 0.009501117281615734, 0.47743815183639526, 0.7665679454803467, 0.15511786937713623, -0.19820070266723633, 0.13548001646995544, -0.7753810286521912, -0.7773982882499695, -0.4125021696090698, -0.9871569275856018, 0.43826815485954285, 0.779562771320343, -0.6893020272254944, 0.7784391641616821, -0.11986573785543442, 0.20297501981258392, -0.1255176067352295, 0.6952651143074036, -0.6546067595481873, -0.10714947432279587, -0.43214935064315796, -0.41179347038269043, -0.12030262500047684, 0.45859822630882263, 0.009262452833354473, 0.6164602041244507, 0.08710648119449615, 0.12162010371685028, -0.5115118622779846, -0.2560884356498718, 0.381273090839386, -0.5553197860717773, 0.013536699116230011, 0.5780336260795593, 0.894990086555481, -0.4922531545162201, 0.4676389694213867, -0.11897840350866318, 0.08491237461566925, 0.2943137288093567, 0.3484934866428375, 0.46980413794517517, -0.586614727973938, 0.9433206915855408, 0.06548503786325455, -0.47892656922340393, 0.5100504755973816, 0.26042643189430237, -0.8563918471336365, -0.8373228907585144, -0.664162814617157, -0.8216806650161743, -0.5667136311531067, -0.7277780771255493, 0.8190781474113464, 0.060984235256910324, 0.6612274050712585, -0.6328107118606567, -0.08695489913225174, 0.12194675952196121, -0.6839314699172974, 0.10709796845912933, -0.7319530844688416, 0.6770405769348145, -0.27558520436286926, 0.3559754192829132, 0.00909029133617878, -0.6592303514480591, -0.8549861311912537, 0.1124681830406189, 0.761430025100708, 0.8486210107803345, 0.5715236663818359, -0.019850103184580803, 0.2067556232213974, 0.5562678575515747, -0.6528668403625488, 0.7569474577903748, -0.14919087290763855, 0.6461740732192993, 0.00754697248339653, 0.5486246943473816, 0.7080555558204651, 0.2564246356487274, 0.23696638643741608, 0.31866851449012756, 0.5202284455299377, 0.27375683188438416, -0.7112565040588379, -0.12282706052064896, 0.6461690664291382, 0.3744320273399353, -0.6004632115364075, -0.1605621576309204, -0.7934369444847107, -0.8118643164634705, -0.1257053166627884, -0.4210682511329651, -0.4853224754333496, 0.2675195336341858, 0.8581548929214478, -0.686158299446106, -0.44102606177330017, -0.01890135183930397, -0.5785372257232666, -0.665116548538208, 0.7191699147224426, -0.24063384532928467, -0.6175684928894043, -0.664272129535675, -0.5275941491127014, -0.22027689218521118, 0.02342039905488491, 0.29494962096214294, -0.07427016645669937, 0.8447398543357849, 0.6107060313224792, -0.8710491061210632, 0.2831912636756897, -0.6679229140281677, 0.08656194806098938, 0.10929219424724579, 0.3142043650150299, -0.7965202927589417, 0.42234718799591064, -0.3493759334087372, 0.6302900314331055, 0.7579454183578491, 0.37308984994888306, 0.04502486065030098, -0.39997032284736633, 0.9138423204421997, -0.6645412445068359, 0.8144387602806091, 0.33544450998306274, 0.661432683467865, 0.09802168607711792, -0.9245981574058533, 0.4188334047794342, 0.4578796923160553, -0.06760134547948837, 0.4533178508281708, -0.9041123986244202, -0.03177495673298836, -0.0036014223005622625, -0.7600975632667542, 0.47422969341278076, 0.5845606327056885, -0.630104124546051, -0.9428245425224304, -0.7013981342315674, 0.7454421520233154, -0.3238931894302368, 0.38918769359588623, -0.045061055570840836, 0.25578388571739197, -0.08402348309755325, -0.050490833818912506, 0.8373563885688782, -0.12109962105751038, 0.16580213606357574, -0.775640606880188, -0.4458180367946625, -0.47112613916397095, -0.6847299933433533, -0.35038259625434875, 0.4791712760925293, -0.3582044541835785, 0.6766164898872375, -0.43653133511543274, -0.15305989980697632, 0.08300520479679108, 0.2791239619255066], "seq_length": 101, "label": 133}