{"angle": 216, "embeddings": [0.7140644788742065, 0.8827330470085144, 0.8549113869667053, 0.20260292291641235, -0.7197229862213135, -0.5487078428268433, 0.9785431027412415, -0.12436678260564804, -0.9638606309890747, -0.8484352827072144, 0.45639151334762573, -0.8458937406539917, 0.9791774153709412, -0.8643563985824585, 0.5992438197135925, 0.6231929063796997, 0.2743586301803589, 0.7760081887245178, -0.8098272085189819, -0.7379085421562195, 0.24507972598075867, 0.5927644968032837, -0.8978381752967834, 0.7513961791992188, -0.8695894479751587, 0.9439584016799927, 0.071119025349617, -0.6531700491905212, -0.27875372767448425, -0.24456804990768433, -0.8800998330116272, 0.30426934361457825, 0.8287659287452698, -0.7744703888893127, -0.4799039363861084, 0.8555548191070557, 0.00978731457144022, -0.12751325964927673, 0.9441197514533997, 0.27992624044418335, -0.23326322436332703, -0.46042320132255554, -0.04917837679386139, -0.4762258231639862, -0.3169475197792053, 0.8614681959152222, 0.8737540245056152, -0.3069939911365509, 0.8244266510009766, -0.06994356960058212, -0.9309965372085571, 0.06109987571835518, 0.9686332941055298, -0.580426037311554, 0.9233900904655457, -0.26267486810684204, -0.8579906821250916, 0.1876925379037857, 0.9778978228569031, 0.8171312808990479, -0.6620185971260071, -0.04911108687520027, 0.7419558763504028, 0.8908652067184448, 0.8536815643310547, 0.9536717534065247, -0.09895949810743332, -0.9205173850059509, 0.0552314817905426, 0.8749830722808838, -0.7304157018661499, 0.10610049217939377, 0.633956253528595, -0.6432130932807922, 0.8264005780220032, 0.7334728240966797, 0.19030222296714783, 0.9245326519012451, 0.9529421329498291, -0.03376506268978119, 0.9427285194396973, 0.2239736020565033, -0.9514026045799255, 0.11710794270038605, 0.25445935130119324, 0.8490855693817139, 0.21662494540214539, -0.44300439953804016, 0.8743978142738342, -0.9747727513313293, -0.9147117733955383, -0.8305066823959351, -0.9693772792816162, 0.9095420837402344, 0.9019585847854614, -0.9630533456802368, 0.685697615146637, 0.2486029714345932, 0.153594508767128, -0.15102031826972961, 0.8388496041297913, -0.8391309380531311, -0.3350801169872284, -0.7202000021934509, -0.6265692710876465, 0.4915558099746704, 0.9323973655700684, 0.48704293370246887, 0.7043185234069824, 0.16040681302547455, -0.0034303099382668734, -0.8907127380371094, 0.09112273901700974, 0.20527063310146332, -0.9248958230018616, -0.05271027982234955, 0.5843555927276611, 0.7931531667709351, -0.018988462164998055, 0.15119081735610962, 0.09587912261486053, -0.39890503883361816, 0.5131003260612488, 0.08351758122444153, 0.4926901161670685, -0.9359481930732727, 0.5264102220535278, 0.3536316454410553, -0.5946964025497437, 0.8177947998046875, 0.3429418206214905, -0.5917559862136841, -0.8958898186683655, 0.2095722258090973, -0.9071760773658752, 0.09409311413764954, -0.7231863737106323, 0.9225038886070251, 0.1726897954940796, 0.9120389819145203, -0.7482268810272217, -0.7836812734603882, 0.013854059390723705, 0.0570436492562294, -0.6154145002365112, -0.948296070098877, 0.9687454104423523, 0.20756398141384125, 0.9090644717216492, 0.04582778364419937, -0.8614915013313293, -0.40477433800697327, -0.03948222100734711, 0.08364129811525345, 0.9041844010353088, 0.8749091029167175, -0.1503528356552124, 0.3365657925605774, 0.5547752380371094, -0.8620632886886597, 0.5927991271018982, -0.5819517970085144, 0.9103692173957825, 0.20714104175567627, 0.4177432954311371, 0.9537787437438965, 0.05213655158877373, -0.4600227475166321, 0.9494664669036865, 0.3317466378211975, 0.043034546077251434, -0.2743220925331116, 0.1820196956396103, 0.14304721355438232, 0.014664925634860992, -0.7951914072036743, -0.6779890656471252, -0.5644752383232117, -0.9640476107597351, -0.8241598606109619, -0.7248463034629822, 0.013053623028099537, 0.1660899519920349, 0.8970478773117065, -0.6850693821907043, -0.08570928871631622, 0.5714777112007141, -0.577577531337738, -0.584384024143219, 0.3602931499481201, -0.889969527721405, -0.8576052188873291, -0.9120749235153198, -0.10602068156003952, 0.40963122248649597, -0.6322142481803894, 0.5773295760154724, -0.40028560161590576, 0.6751275658607483, 0.7302795648574829, -0.8015169501304626, -0.06783539056777954, -0.43616095185279846, -0.14741791784763336, 0.7544199228286743, 0.4141889810562134, -0.9760193228721619, 0.8718933463096619, 0.2767810821533203, 0.8709455132484436, 0.9539878964424133, -0.3183783292770386, -0.7543485164642334, -0.7593181729316711, 0.8688000440597534, -0.48503366112709045, 0.9723020195960999, 0.47865813970565796, 0.12296533584594727, -0.42151501774787903, -0.7091974020004272, -0.7626367211341858, -0.38613957166671753, 0.23485921323299408, 0.5695980191230774, -0.31431883573532104, -0.7803289890289307, 0.0987134724855423, -0.706953763961792, 0.13876910507678986, 0.6742027401924133, -0.5339034199714661, -0.963866651058197, 0.04508918896317482, 0.8954548239707947, -0.48667341470718384, 0.8814308047294617, -0.34866002202033997, 0.28560498356819153, -0.3004055917263031, -0.0342911034822464, 0.9251275062561035, -0.023832403123378754, 0.7627367973327637, -0.5662342309951782, -0.39569905400276184, 0.3313642740249634, 0.26861298084259033, -0.7067334651947021, 0.7730050086975098, 0.25937971472740173, 0.7901736497879028, -0.22654470801353455, 0.4089345932006836, -0.4444132149219513, 0.24137958884239197], "seq_length": 58, "label": 131}