{"angle": 216, "embeddings": [0.6944107413291931, 0.8319886922836304, 0.8070259094238281, 0.013770226389169693, -0.7123682498931885, -0.4436878561973572, 0.977636992931366, -0.23693007230758667, -0.9618898034095764, -0.8403218388557434, 0.4356776177883148, -0.8447989821434021, 0.9678890109062195, -0.9223697781562805, 0.6059849858283997, 0.6830428242683411, 0.42042988538742065, 0.6836475133895874, -0.7665905952453613, -0.759639322757721, 0.23528818786144257, 0.32210636138916016, -0.7793567180633545, 0.6972107291221619, -0.8873047232627869, 0.9430893659591675, 0.2675391435623169, -0.5377410054206848, -0.2988725006580353, -0.3007916212081909, -0.8865593671798706, 0.6683820486068726, 0.8677964806556702, -0.6941596269607544, -0.32274603843688965, 0.8565677404403687, 0.03370009735226631, -0.18295150995254517, 0.943487823009491, 0.22862021625041962, -0.45304158329963684, -0.3783363103866577, -0.18973635137081146, -0.5149230360984802, -0.40041935443878174, 0.90374356508255, 0.9000685214996338, -0.2594529986381531, 0.7399781942367554, -0.05524640530347824, -0.9144999384880066, 0.26238304376602173, 0.9560875296592712, -0.6278278231620789, 0.8957446813583374, -0.2287725955247879, -0.7901063561439514, 0.2217077761888504, 0.9737715721130371, 0.8678688406944275, -0.4540477395057678, 0.20248110592365265, 0.8320380449295044, 0.8616337776184082, 0.8494859337806702, 0.9514198899269104, -0.2117135226726532, -0.9134853482246399, -0.11896155029535294, 0.8741328716278076, -0.5436344742774963, 0.4253164231777191, 0.6477793455123901, -0.6942600011825562, 0.8554549813270569, 0.6189945936203003, -0.0008624753681942821, 0.9033406376838684, 0.9495320320129395, -0.10622243583202362, 0.9604519009590149, 0.4258078932762146, -0.9436004161834717, 0.0785580575466156, 0.31628358364105225, 0.8707865476608276, 0.11369164288043976, -0.26202595233917236, 0.6374126672744751, -0.9702068567276001, -0.9256813526153564, -0.7657201290130615, -0.9648686051368713, 0.8742369413375854, 0.8626553416252136, -0.9211757779121399, 0.6137228608131409, 0.5223053097724915, 0.0970795676112175, -0.1807767003774643, 0.8684121370315552, -0.742482602596283, -0.32360363006591797, -0.7357608079910278, -0.7107690572738647, 0.48719069361686707, 0.9082309007644653, 0.22678907215595245, 0.7614853382110596, 0.2663160264492035, -0.0023426245898008347, -0.9000248908996582, -0.19389884173870087, 0.7151647806167603, -0.9145485162734985, -0.06973423808813095, 0.6774399280548096, 0.877973198890686, -0.24061308801174164, 0.27136820554733276, -0.1953703761100769, -0.14114518463611603, 0.4575621485710144, 0.2184833139181137, 0.6987189054489136, -0.862014889717102, 0.5623975396156311, 0.3707519769668579, -0.6305657029151917, 0.8002409338951111, 0.49293747544288635, -0.7480029463768005, -0.8623995780944824, -0.041071534156799316, -0.925706684589386, 0.04154621437191963, -0.8073881268501282, 0.7845211625099182, 0.1278085708618164, 0.8668594360351562, -0.7903435230255127, -0.5987263917922974, 0.5821440815925598, 0.030333442613482475, -0.3434777855873108, -0.9459968209266663, 0.9414004683494568, -0.050181131809949875, 0.7393990755081177, 0.043524112552404404, -0.8344935178756714, -0.3711433410644531, -0.05661016330122948, 0.4405587613582611, 0.9004232287406921, 0.7405472993850708, -0.023016048595309258, 0.23650112748146057, 0.5818333625793457, -0.8325501680374146, 0.5133107900619507, -0.48523613810539246, 0.9175755977630615, 0.401172399520874, 0.18833820521831512, 0.9570784568786621, 0.08361995965242386, -0.680609405040741, 0.9125385880470276, 0.2970929741859436, 0.04140887036919594, -0.4066145420074463, -0.045406270772218704, 0.1335301399230957, 0.021490003913640976, -0.814576268196106, -0.414106547832489, -0.766481339931488, -0.9067846536636353, -0.6440285444259644, -0.7709068655967712, -0.184503972530365, 0.17114578187465668, 0.8652759790420532, -0.6379420161247253, -0.11157703399658203, 0.1543353646993637, -0.5882805585861206, -0.6108758449554443, 0.38517463207244873, -0.6756973266601562, -0.5933268070220947, -0.862358808517456, -0.07274499535560608, 0.3396300673484802, -0.6389700174331665, 0.5983135104179382, -0.04992279037833214, 0.6684327721595764, 0.6852445006370544, -0.8512250781059265, 0.23748788237571716, -0.19606702029705048, 0.01069213543087244, 0.751395046710968, 0.5324304699897766, -0.9719194173812866, 0.6501253843307495, 0.07802071422338486, 0.9029467701911926, 0.9459913372993469, -0.4094223380088806, -0.5659712553024292, -0.7583270072937012, 0.786548376083374, -0.4930201470851898, 0.9666038155555725, 0.2721903324127197, 0.23741404712200165, -0.14610238373279572, -0.6836182475090027, -0.4656456410884857, -0.04460803046822548, 0.2687601149082184, 0.7517265677452087, -0.6744171380996704, -0.7834442257881165, 0.06624318659305573, -0.5454902052879333, 0.36993876099586487, 0.4406408369541168, -0.5785645246505737, -0.9549278020858765, -0.19212736189365387, 0.9512180089950562, -0.4026111960411072, 0.9026997685432434, -0.26943784952163696, 0.3175976574420929, -0.17814241349697113, -0.03259778767824173, 0.8943789005279541, 0.05878687649965286, 0.878468930721283, -0.18966329097747803, -0.5888333320617676, 0.3449372351169586, 0.037673741579055786, -0.6773693561553955, 0.6047167778015137, 0.20776082575321198, 0.6410074830055237, -0.32141563296318054, 0.1174948662519455, -0.4687329828739166, 0.24212953448295593], "seq_length": 62, "label": 131}