{"angle": 36, "embeddings": [-0.7712891101837158, 0.2981780469417572, 0.14163608849048615, 0.42373791337013245, -0.4764433801174164, -0.32008564472198486, 0.9419806599617004, -0.6904268264770508, -0.6985182166099548, -0.36169835925102234, -0.12727148830890656, -0.2297414392232895, 0.932604968547821, -0.7566468119621277, 0.7840031981468201, 0.8177708983421326, 0.4489818215370178, 0.6608747243881226, -0.8136608004570007, 0.9485474824905396, 0.6663231253623962, -0.36007627844810486, -0.8787631392478943, 0.6317328214645386, -0.846493124961853, -0.23381206393241882, -0.36291828751564026, -0.6989500522613525, -0.562294602394104, 0.2385125756263733, -0.37315139174461365, -0.34964117407798767, 0.628659725189209, -0.8906152248382568, 0.039182763546705246, 0.5954471230506897, -0.7379639148712158, 0.6559184789657593, 0.37226781249046326, -0.42358261346817017, -0.5212714076042175, -0.9710025191307068, 0.11401275545358658, 0.279365599155426, -0.23217712342739105, 0.9079815745353699, 0.6274827122688293, -0.6407938599586487, 0.229279026389122, -0.2338288128376007, -0.15444375574588776, 0.03226558119058609, 0.15151257812976837, -0.7217109203338623, 0.822191059589386, -0.7967909574508667, -0.030678479000926018, 0.6698927283287048, 0.49271896481513977, 0.6547248363494873, -0.2645079791545868, -0.05251506716012955, 0.0383535698056221, 0.7250587940216064, 0.2536516487598419, 0.6320765614509583, -0.4361308813095093, -0.6062139272689819, -0.5448424220085144, 0.4307897388935089, -0.195817768573761, 0.5502110719680786, -0.5041500926017761, 0.5537276864051819, 0.34057092666625977, 0.5616541504859924, -0.01404223870486021, 0.9154154658317566, 0.35115963220596313, -0.4878472685813904, 0.7619903683662415, -0.3392382860183716, -0.8713074326515198, 0.4918411672115326, 0.4048585593700409, 0.2120906412601471, 0.14769652485847473, -0.06910496205091476, 0.6928408741950989, -0.9486379027366638, -0.6623473167419434, 0.009201894514262676, -0.9244373440742493, 0.9054878950119019, 0.9486551880836487, -0.9534496665000916, 0.3143036365509033, 0.689763069152832, 0.07058372348546982, -0.0030703453812748194, 0.7774289846420288, -0.7932688593864441, -0.7435204386711121, -0.13539978861808777, 0.09098555892705917, 0.29329150915145874, 0.9037100672721863, -0.0725611224770546, 0.9111341238021851, 0.16206856071949005, -0.25506100058555603, -0.4882134795188904, -0.5927531123161316, -0.08963644504547119, -0.6709685921669006, 0.37833747267723083, 0.5224062204360962, 0.9052494168281555, -0.550866961479187, 0.2008991539478302, -0.9424769282341003, -0.22146594524383545, -0.8559276461601257, 0.012220841832458973, 0.027398936450481415, -0.8735898733139038, -0.17107988893985748, -0.324585884809494, 0.39378076791763306, 0.8933241963386536, -0.9084798693656921, -0.13708524405956268, -0.19657002389431, -0.5157352089881897, -0.8333187699317932, -0.8095421195030212, -0.02784840576350689, 0.5673052072525024, -0.07451160997152328, 0.12090515345335007, -0.9163321852684021, -0.2925250828266144, -0.7058396339416504, 0.2923268675804138, -0.4525299072265625, -0.7487431764602661, 0.5707200765609741, 0.07502034306526184, 0.7848283052444458, -0.06784576922655106, -0.7776412963867188, -0.38757288455963135, 0.1502542793750763, -0.21907579898834229, 0.8778645992279053, 0.24928538501262665, -0.3965543210506439, 0.49884033203125, 0.9339253902435303, -0.9526390433311462, 0.5304998755455017, -0.12834207713603973, -0.1646527200937271, 0.697645366191864, 0.5263528823852539, 0.22322960197925568, 0.015063249506056309, -0.8851072192192078, 0.5353214144706726, 0.2848333418369293, 0.2274538278579712, -0.565375030040741, -0.04763110354542732, 0.6061090230941772, -0.21018697321414948, 0.09423333406448364, -0.8465753197669983, -0.6704549193382263, -0.8723945021629333, -0.05713142082095146, 0.3612745404243469, -0.21983247995376587, -0.15965767204761505, 0.32976841926574707, -0.909091591835022, 0.928963840007782, -0.16753454506397247, 0.3057306110858917, -0.03329208120703697, -0.7522693872451782, -0.8017616271972656, -0.7882425785064697, -0.8254916071891785, -0.9553096890449524, 0.3078153431415558, -0.3991289436817169, 0.738279402256012, 0.38924187421798706, 0.6384339332580566, -0.600013017654419, -0.9033735990524292, 0.6744169592857361, -0.7192201614379883, 0.07523433864116669, -0.35997411608695984, 0.6504687666893005, -0.9461392164230347, 0.8829234838485718, -0.4736003577709198, 0.6064320802688599, 0.7447808980941772, 0.26613563299179077, -0.8089395761489868, -0.3121384382247925, 0.7649608254432678, 0.400605171918869, 0.07240889221429825, -0.41227060556411743, -0.17911821603775024, -0.6685786843299866, -0.21794849634170532, -0.8945918083190918, 0.10717327147722244, 0.3742731213569641, 0.7110541462898254, -0.15171295404434204, -0.8315858840942383, -0.37007057666778564, -0.6923425197601318, 0.34707707166671753, 0.032582659274339676, 0.3834872245788574, -0.9069150686264038, 3.0193688871804625e-05, 0.6022113561630249, 0.158925861120224, 0.9309366941452026, -0.09688200801610947, 0.19132797420024872, -0.17212529480457306, -0.09435085207223892, 0.7802161574363708, 0.11134667694568634, -0.25881028175354004, -0.8115273118019104, -0.5788246989250183, 0.428188681602478, -0.6802120804786682, 0.5052164793014526, -0.5496843457221985, 0.37655964493751526, 0.25230664014816284, 0.24209792912006378, 0.8466856479644775, -0.23158252239227295, -0.10880953073501587], "seq_length": 53, "label": 131}