{"angle": 36, "embeddings": [-0.4028736352920532, 0.6134610772132874, 0.1863599568605423, 0.7476324439048767, -0.5439144372940063, -0.7382442951202393, 0.9436874389648438, -0.712192714214325, -0.7662938237190247, -0.5559481382369995, -0.36219650506973267, -0.4049258828163147, 0.9597216248512268, -0.6526456475257874, 0.7972483038902283, 0.20242297649383545, 0.4527404308319092, 0.6763511300086975, -0.7759695053100586, 0.648615837097168, 0.6411939263343811, -0.35623839497566223, -0.9319677352905273, 0.9405336976051331, -0.8084205389022827, -0.1545366495847702, -0.7324218153953552, -0.15744851529598236, -0.6402897238731384, 0.3111833930015564, -0.6411839127540588, -0.48188039660453796, 0.820509672164917, -0.8715770244598389, -0.029787980020046234, 0.6513888239860535, -0.880220890045166, 0.6509574055671692, 0.6316384673118591, -0.5104990601539612, -0.10632654279470444, -0.9059938192367554, 0.07680849730968475, 0.35891059041023254, -0.07775957882404327, 0.8037660121917725, 0.897893488407135, -0.14989177882671356, 0.6139305233955383, 0.4299365282058716, -0.4880011975765228, -0.09216540306806564, 0.6480920314788818, -0.7519792914390564, 0.8303381204605103, 0.011533010751008987, -0.22947534918785095, 0.28042855858802795, 0.9040864109992981, 0.14806631207466125, -0.8560317754745483, -0.03652486950159073, 0.1887681782245636, 0.8426548838615417, 0.2643328607082367, 0.727580189704895, -0.14069347083568573, -0.28692197799682617, -0.4276886582374573, 0.590080976486206, -0.5919808745384216, 0.46744197607040405, -0.40467607975006104, 0.7314691543579102, 0.23806419968605042, 0.6613742709159851, 0.08822792768478394, 0.9887279868125916, 0.1765914410352707, 0.02811412699520588, 0.7468196153640747, 0.16277813911437988, -0.9176781177520752, 0.196217343211174, 0.5994604229927063, 0.4214688837528229, 0.43834155797958374, -0.3347417712211609, 0.5221291184425354, -0.9445288777351379, -0.8399198055267334, -0.18943250179290771, -0.9517868161201477, 0.6507556438446045, 0.9635408520698547, -0.9608304500579834, 0.2709159553050995, 0.3930148184299469, 0.13794808089733124, -0.0786667913198471, 0.7147436141967773, -0.22585640847682953, -0.5877845883369446, -0.2618772089481354, 0.2700651288032532, 0.6377254724502563, 0.9487972855567932, 0.3612361550331116, 0.9696706533432007, 0.034434039145708084, -0.19990630447864532, -0.7187866568565369, -0.6123433113098145, -0.4729727804660797, -0.8721936941146851, 0.010765446349978447, -0.012607998214662075, 0.8453580141067505, -0.153950497508049, -0.0653800293803215, -0.9023938775062561, -0.4786469340324402, -0.6778430342674255, -0.6129706501960754, 0.23109374940395355, -0.8953059911727905, 0.18025238811969757, -0.2169211208820343, 0.0100858174264431, 0.6363983154296875, -0.9381113052368164, 0.16031508147716522, -0.6204255223274231, -0.10450058430433273, -0.8538994193077087, -0.4538041651248932, -0.41448816657066345, 0.8723194599151611, -0.46342289447784424, 0.41808539628982544, -0.930888831615448, -0.03285737335681915, -0.6160452961921692, 0.27375686168670654, -0.5230186581611633, -0.7547972798347473, 0.8433555960655212, 0.16772742569446564, 0.7523168921470642, -0.023450631648302078, -0.8327885270118713, -0.5064073801040649, -0.4583515524864197, -0.2998499870300293, 0.8577176928520203, 0.680370032787323, -0.22911563515663147, 0.7835985422134399, 0.9591806530952454, -0.8842993974685669, 0.4821575880050659, -0.3051910400390625, -0.08866633474826813, 0.6156149506568909, 0.33896195888519287, 0.2776593863964081, 0.6641958355903625, -0.7206264734268188, 0.8303183317184448, -0.18897461891174316, 0.6260384321212769, -0.46321696043014526, 0.43365278840065, 0.4070150554180145, -0.26124870777130127, 0.36689651012420654, -0.9373013973236084, -0.8141956925392151, -0.8586816191673279, -0.6076831221580505, 0.19904005527496338, -0.29132455587387085, -0.3557537794113159, 0.7223541140556335, -0.8908945918083191, 0.9493271112442017, -0.01488869171589613, -0.06882510334253311, -0.009568361565470695, -0.7140013575553894, -0.9093062281608582, -0.8293534517288208, -0.940724790096283, -0.9039524793624878, 0.5842810869216919, -0.41531819105148315, 0.6673283576965332, -0.5698244571685791, 0.9144560098648071, 0.29206839203834534, -0.48354482650756836, -0.01062140055000782, -0.7370105385780334, -0.4729945957660675, -0.0028010625392198563, 0.37979012727737427, -0.8854015469551086, 0.8351640105247498, 0.13544820249080658, 0.536809504032135, 0.8296504020690918, 0.5681142210960388, -0.48174214363098145, -0.4673214554786682, 0.7831811308860779, 0.4860600531101227, 0.09103650599718094, -0.5112548470497131, -0.5835246443748474, -0.6539701223373413, 0.10310909152030945, -0.9441121220588684, -0.30236026644706726, 0.32537955045700073, 0.6386629343032837, -0.6421706080436707, -0.7767114043235779, -0.5428733825683594, -0.7762410640716553, 0.12335503846406937, 0.20168663561344147, 0.5841342806816101, -0.9394356608390808, 0.280106782913208, 0.7571981549263, 0.3456287682056427, 0.965950608253479, 0.2809809446334839, 0.10890050232410431, -0.7269330620765686, -0.12743490934371948, 0.43380969762802124, -0.42150643467903137, 0.03852664679288864, -0.9336206912994385, -0.4784548878669739, 0.19664157927036285, -0.5054775476455688, -0.17316021025180817, 0.12030598521232605, 0.7047708630561829, -0.32868653535842896, 0.5484400391578674, 0.7731743454933167, -0.3478833734989166, 0.19376830756664276], "seq_length": 63, "label": 131}