{"angle": 36, "embeddings": [-0.6310885548591614, -0.13115748763084412, 0.16978970170021057, 0.45087841153144836, -0.5424378514289856, -0.3807334899902344, 0.8882937431335449, -0.8093863725662231, -0.02871019020676613, -0.4205130636692047, -0.5345132946968079, -0.1396300345659256, 0.9752799272537231, -0.7174849510192871, 0.8261691331863403, -0.05224599689245224, 0.5745639801025391, 0.7024554014205933, -0.9615824818611145, 0.4984816014766693, 0.7024088501930237, -0.6993448138237, -0.8830223083496094, 0.9086969494819641, -0.8519290089607239, -0.7457196712493896, -0.8407363891601562, -0.40727293491363525, -0.3360465466976166, 0.3763422667980194, -0.13639862835407257, -0.6385966539382935, 0.7303162217140198, -0.7106421589851379, 0.23696456849575043, 0.0282746609300375, -0.6669330596923828, 0.7183369398117065, 0.5985367894172668, -0.3392317295074463, -0.36392056941986084, -0.9630787968635559, 0.5205351114273071, 0.42896732687950134, -0.09565514326095581, 0.9057773351669312, 0.49523526430130005, -0.33214071393013, 0.31657901406288147, -0.3860785663127899, -0.24494348466396332, 0.09735189378261566, 0.5650299787521362, -0.6461273431777954, 0.817632794380188, -0.6542792320251465, -0.03138299286365509, 0.42318570613861084, 0.48618343472480774, 0.11649910360574722, -0.9292938709259033, -0.6091752052307129, -0.13204380869865417, 0.7755700945854187, -0.19041524827480316, 0.40408656001091003, -0.04609324783086777, -0.6688076853752136, -0.030454419553279877, 0.18555109202861786, -0.3285745084285736, 0.6715685725212097, -0.30643972754478455, 0.49290603399276733, 0.23994046449661255, 0.6798483729362488, 0.4600338339805603, 0.9691479802131653, 0.34055235981941223, -0.2081879824399948, 0.7539374828338623, -0.08300849050283432, -0.9186989665031433, 0.7100217938423157, 0.09798692166805267, 0.29438453912734985, -0.15733033418655396, 0.0100861806422472, 0.5058548450469971, -0.8287242650985718, -0.37112492322921753, -0.2711041271686554, -0.9739106297492981, 0.4592289626598358, 0.9618809223175049, -0.9672673344612122, 0.5082364678382874, 0.5203652381896973, 0.09964004158973694, 0.20509272813796997, 0.6899436116218567, -0.7767980694770813, -0.6833324432373047, -0.31997185945510864, -0.0022889929823577404, -0.19103379547595978, 0.9146647453308105, -0.06919846683740616, 0.6984461545944214, 0.2948806881904602, 0.019458504393696785, -0.8326948881149292, -0.7837479114532471, -0.6831345558166504, -0.564237117767334, 0.41123780608177185, 0.4842549264431, 0.9543253779411316, -0.6035605072975159, 0.2564179599285126, -0.9498339891433716, -0.05650884658098221, -0.8801575899124146, 0.22225627303123474, 0.19547653198242188, -0.9201491475105286, -0.5660427808761597, -0.4813540279865265, 0.6590128540992737, 0.6881358027458191, -0.893208384513855, 0.17400294542312622, -0.758082389831543, -0.6415425539016724, -0.9534266591072083, -0.9308940172195435, -0.07211896032094955, 0.9072664380073547, -0.2750714421272278, 0.22948473691940308, -0.7561705708503723, 0.21038039028644562, -0.1965545415878296, 0.377370685338974, -0.7436859607696533, -0.463146835565567, 0.7780505418777466, -0.1736990362405777, 0.7894707918167114, -0.33709439635276794, -0.8762717247009277, -0.3982512950897217, 0.4982493221759796, 0.07804137468338013, 0.7900890111923218, 0.5241650342941284, -0.03732623904943466, 0.8686717748641968, 0.9653730988502502, -0.9246014952659607, 0.7699049711227417, 0.1776452660560608, -0.13215993344783783, 0.4439411163330078, 0.5580042600631714, 0.4083687365055084, 0.2869294285774231, -0.7164005041122437, 0.49974459409713745, 0.3581691086292267, 0.18629805743694305, -0.7132046818733215, 0.6310580372810364, 0.4045572876930237, -0.8359163403511047, -0.21618039906024933, -0.9262840747833252, -0.7084978818893433, -0.8383560180664062, -0.16218650341033936, 0.44330209493637085, -0.4527585208415985, -0.04182380065321922, 0.535729706287384, -0.9559184312820435, 0.9452608823776245, -0.0038461231160908937, 0.12318429350852966, -0.3279159963130951, -0.5993304252624512, -0.5149752497673035, -0.8557142615318298, -0.8822885155677795, -0.979852020740509, 0.46721407771110535, -0.11538419127464294, 0.5273091197013855, 0.38305941224098206, 0.8536858558654785, -0.3701941967010498, -0.7019490599632263, 0.20868250727653503, -0.8934099078178406, 0.27664637565612793, -0.5362542867660522, 0.3246021270751953, -0.9113560914993286, 0.9279295802116394, -0.5460480451583862, 0.39881688356399536, 0.7552264928817749, 0.6567717790603638, -0.7465751767158508, -0.48967888951301575, 0.6453185081481934, 0.7772672772407532, 0.08269216120243073, -0.33655083179473877, -0.06137149780988693, -0.502487063407898, -0.45229312777519226, -0.49360784888267517, 0.14342448115348816, 0.3388260304927826, 0.5388211011886597, -0.33558958768844604, -0.8810471296310425, -0.7425179481506348, -0.832301914691925, 0.29660189151763916, 0.5328666567802429, 0.43179506063461304, -0.9154613018035889, -0.42415928840637207, 0.4755123555660248, 0.07935672253370285, 0.8658373951911926, -0.1867063343524933, 0.13148102164268494, -0.07670219242572784, -0.4950304925441742, 0.7189310789108276, 0.19446881115436554, -0.6137878894805908, -0.8643786907196045, -0.4658413529396057, 0.1877073049545288, -0.6226315498352051, 0.010255052708089352, -0.6336857676506042, 0.20842282474040985, 0.14698445796966553, -0.11313486099243164, 0.6479688286781311, 0.09285536408424377, -0.5067263245582581], "seq_length": 84, "label": 126}