{"angle": 162, "embeddings": [-0.6055096387863159, 0.5552240610122681, -0.23017480969429016, -0.5028080344200134, -0.7173841595649719, 0.34514114260673523, 0.6551072001457214, -0.46165475249290466, -0.17995432019233704, 0.1427534520626068, -0.05119844153523445, -0.15403014421463013, 0.6403422951698303, -0.1132412701845169, 0.348571240901947, 0.12642323970794678, 0.2294311672449112, 0.21708518266677856, -0.5937185287475586, 0.01642688177525997, 0.5973443984985352, 0.13442733883857727, -0.7585947513580322, 0.16309505701065063, -0.7861984372138977, 0.08994721621274948, -0.3841773569583893, -0.5221002697944641, 0.11673139035701752, -0.07404007017612457, 0.0756223276257515, -0.46359550952911377, 0.3273251950740814, -0.33995315432548523, -0.251046746969223, 0.6960649490356445, -0.7255533933639526, 0.46543070673942566, 0.054743800312280655, -0.39687174558639526, 0.2219792753458023, -0.8992116451263428, 0.7129601240158081, 0.2914535105228424, -0.6104186773300171, 0.47992774844169617, 0.13661324977874756, -0.6467511653900146, 0.2236119955778122, -0.15697795152664185, -0.1780780553817749, 0.42268529534339905, 0.11258518695831299, -0.4720173180103302, 0.13937333226203918, -0.6697190403938293, -0.1457538604736328, 0.1822202056646347, 0.29152801632881165, 0.21553871035575867, -0.4674067199230194, -0.1101856529712677, 0.5095227956771851, 0.6585591435432434, 0.09950542449951172, 0.6738585829734802, 0.26690441370010376, -0.7146716713905334, 0.10082448273897171, 0.11984451115131378, -0.3839091956615448, 0.08288682997226715, 0.22066646814346313, -0.4906388223171234, 0.394182413816452, 0.1800643354654312, 0.4039680063724518, 0.3379417657852173, 0.03193449601531029, -0.6773133277893066, 0.32365357875823975, 0.09110711514949799, -0.6095265746116638, 0.2712131440639496, -0.2199188619852066, -0.3281059265136719, -0.012846793048083782, 0.5340094566345215, 0.37033912539482117, -0.7350571751594543, -0.4160862863063812, 0.045791901648044586, -0.54798424243927, 0.35808807611465454, 0.7629333734512329, -0.11591188609600067, 0.3111174404621124, 0.09819339960813522, -0.12545321881771088, -0.05350544676184654, 0.36539146304130554, -0.6310758590698242, -0.7455682754516602, -0.7645169496536255, 0.1490047127008438, 0.027097873389720917, 0.0822458490729332, -0.3881070911884308, -0.28457531332969666, 0.4103196859359741, -0.09611553698778152, -0.4949779808521271, -0.17752699553966522, -0.8576963543891907, -0.054299496114254, 0.6016762852668762, 0.8173715472221375, 0.8195006251335144, -0.12381631880998611, 0.08580325543880463, -0.6686725616455078, -0.5573971271514893, -0.47651490569114685, 0.39961305260658264, -0.27079102396965027, -0.7860940098762512, 0.2776711881160736, -0.7721462845802307, 0.7831383347511292, 0.2697083652019501, -0.33039987087249756, 0.3823298215866089, -0.4167642295360565, -0.478177934885025, -0.6484063267707825, -0.9069274663925171, 0.7013121247291565, 0.7323321104049683, -0.03920097276568413, 0.25413981080055237, -0.17188768088817596, -0.2525893449783325, 0.503143846988678, 0.06175016984343529, -0.7092858552932739, -0.08757181465625763, 0.14941011369228363, 0.315430223941803, 0.3636481463909149, -0.3782482445240021, -0.5341134071350098, -0.19752146303653717, 0.4926217496395111, -0.16397231817245483, 0.44163912534713745, -0.20342716574668884, -0.2013174295425415, 0.7679963707923889, 0.7376303672790527, -0.7026150822639465, 0.40092772245407104, 0.02906748466193676, -0.7419427037239075, 0.3926987051963806, 0.511326789855957, 0.714120626449585, -0.7869988083839417, -0.1427823007106781, 0.10118472576141357, 0.38937056064605713, -0.5209271311759949, 0.23607787489891052, 0.469576895236969, 0.07342592626810074, 0.21273544430732727, -0.5050219893455505, -0.8582833409309387, 0.19237594306468964, -0.6037919521331787, -0.047322649508714676, 0.11287330836057663, 0.14829334616661072, 0.1612192988395691, 0.35968196392059326, -0.9004508852958679, 0.8573691248893738, -0.1374131739139557, 0.3580778241157532, -0.48290252685546875, -0.1258353739976883, -0.4004964530467987, -0.5725884437561035, -0.25210991501808167, -0.8741828203201294, 0.2841041684150696, 0.037921275943517685, 0.7317593097686768, -0.4988934397697449, -0.12322279810905457, -0.19651612639427185, -0.27024221420288086, -0.3301883637905121, -0.6564609408378601, 0.5322014093399048, -0.27335286140441895, 0.24482454359531403, -0.7324168086051941, 0.7339037656784058, -0.05865251272916794, 0.3174487352371216, 0.366836816072464, 0.3444368541240692, -0.37584245204925537, -0.4275265634059906, 0.586790144443512, 0.36767908930778503, 0.14895819127559662, -0.04289395362138748, 0.3197440803050995, -0.3794217109680176, 0.3346143066883087, -0.24239735305309296, 0.5666739344596863, 0.6079179644584656, 0.72798091173172, 0.22731250524520874, -0.6960363388061523, -0.2141943871974945, -0.3045114278793335, 0.4935213327407837, 0.4063636362552643, 0.23672012984752655, -0.4139561057090759, 0.4273417592048645, 0.4650524854660034, 0.02355835773050785, 0.6327677965164185, 0.44756007194519043, 0.3427481949329376, 0.10537086427211761, -0.7022547125816345, -0.4181396961212158, 0.3596931993961334, -0.07931430637836456, -0.6713890433311462, 0.050683487206697464, 0.18093276023864746, -0.2796788811683655, 0.1746082901954651, -0.47063201665878296, 0.4491889178752899, 0.10077488422393799, 0.5147963762283325, 0.6609480381011963, 0.6758511662483215, -0.4280794858932495], "seq_length": 45, "label": 126}