{"angle": 36, "embeddings": [-0.653705358505249, 0.002471321728080511, 0.11899270862340927, 0.15384340286254883, -0.546601414680481, -0.4450065493583679, 0.9593734741210938, -0.8295210003852844, -0.18296746909618378, -0.5949968099594116, -0.4389355182647705, -0.20727673172950745, 0.9611455798149109, -0.7686589360237122, 0.8750196695327759, -0.2685750126838684, 0.5905421376228333, 0.7447718381881714, -0.914587140083313, 0.4478873312473297, 0.6199935078620911, -0.5175320506095886, -0.9351045489311218, 0.8444677591323853, -0.8410544395446777, -0.710071861743927, -0.673831045627594, -0.5658654570579529, -0.4319745600223541, 0.2744959890842438, -0.13081902265548706, -0.6129266619682312, 0.6406995058059692, -0.8610397577285767, 0.19833888113498688, 0.28007200360298157, -0.7245151400566101, 0.762287974357605, 0.4587706923484802, -0.16662244498729706, -0.21519199013710022, -0.966832160949707, 0.5065892934799194, 0.611565113067627, -0.16515472531318665, 0.918541431427002, 0.640704333782196, -0.4229230284690857, 0.2885001599788666, -0.35147327184677124, -0.15626578032970428, 0.04240601509809494, 0.4888855814933777, -0.7067254781723022, 0.8386993408203125, -0.709811806678772, -0.18056277930736542, 0.2955840528011322, 0.4518246054649353, 0.20099958777427673, -0.886113166809082, -0.459886372089386, -0.1286419928073883, 0.7139734029769897, -0.21804170310497284, 0.637863278388977, 0.005587960127741098, -0.5608177781105042, -0.32498547434806824, 0.3653882145881653, -0.5489541292190552, 0.7147992849349976, -0.45089834928512573, 0.3868789076805115, 0.3607163727283478, 0.6016383171081543, 0.05145304277539253, 0.9428903460502625, 0.41906142234802246, -0.26045554876327515, 0.8821460008621216, -0.0628865584731102, -0.9390743374824524, 0.6675877571105957, 0.0905374139547348, 0.3270437717437744, 0.22824649512767792, 0.08604391664266586, 0.5830279588699341, -0.9288913607597351, -0.5339751243591309, -0.14224107563495636, -0.9662225842475891, 0.7435162663459778, 0.9781787991523743, -0.9729306101799011, 0.2500278055667877, 0.7341302633285522, 0.020068462938070297, -0.09580431133508682, 0.8314825892448425, -0.7351659536361694, -0.807766318321228, -0.379197359085083, 0.1208103746175766, 0.1377565711736679, 0.8711792826652527, -0.3257327377796173, 0.7607434391975403, 0.16071872413158417, -0.40640538930892944, -0.6967079043388367, -0.7142032384872437, -0.6946992874145508, -0.6177188158035278, 0.550812840461731, 0.6371475458145142, 0.9524983167648315, -0.6269588470458984, 0.27068546414375305, -0.9798830151557922, -0.2350291907787323, -0.8601222038269043, 0.008227360434830189, 0.11645323038101196, -0.9212988615036011, -0.34835997223854065, -0.3890725076198578, 0.6039875745773315, 0.7176782488822937, -0.9265848994255066, 0.05124969407916069, -0.6266013979911804, -0.6533029079437256, -0.9496334791183472, -0.9640809297561646, 0.09151097387075424, 0.8074509501457214, 0.008130602538585663, 0.20919904112815857, -0.8225440979003906, 0.10094396024942398, -0.3402164876461029, 0.16184894740581512, -0.5639835596084595, -0.5771835446357727, 0.7360228896141052, -0.08960077166557312, 0.7413017153739929, -0.1570456326007843, -0.7890601754188538, -0.36027616262435913, 0.48461753129959106, 0.04444055259227753, 0.8407084345817566, 0.4765934944152832, -0.31148433685302734, 0.822806179523468, 0.9745737910270691, -0.9511047601699829, 0.7389318943023682, -0.02313358150422573, -0.3447399139404297, 0.43599653244018555, 0.577297031879425, 0.2964845895767212, -0.025362450629472733, -0.8301974534988403, 0.5413925647735596, 0.3786887526512146, 0.13902702927589417, -0.6810606122016907, 0.5954297184944153, 0.5100609064102173, -0.5727778673171997, -0.05719534307718277, -0.8745120167732239, -0.7009905576705933, -0.8671342730522156, -0.26904988288879395, 0.24324831366539001, -0.5370773077011108, -0.2377530038356781, 0.5784258842468262, -0.9010822176933289, 0.9593225717544556, 0.07384815067052841, -0.19075877964496613, 0.10508863627910614, -0.5963077545166016, -0.6606037020683289, -0.8462182879447937, -0.8906064033508301, -0.9789807200431824, 0.1772439330816269, -0.2129203826189041, 0.6842309236526489, 0.3334173560142517, 0.8514521718025208, -0.4861184060573578, -0.8204067349433899, 0.059919070452451706, -0.8230087161064148, 0.3344828486442566, -0.41104111075401306, 0.37828144431114197, -0.9469863772392273, 0.897569477558136, -0.525766909122467, 0.5030554533004761, 0.8471469879150391, 0.5347577333450317, -0.7234207391738892, -0.4160526394844055, 0.6947709321975708, 0.6591157913208008, 0.1543380320072174, -0.32964038848876953, 0.008761989884078503, -0.5561419725418091, -0.23285289108753204, -0.5987808108329773, 0.20941534638404846, 0.3675859570503235, 0.7502881288528442, -0.0668570026755333, -0.8282917141914368, -0.7360696792602539, -0.8150457143783569, 0.3529413342475891, 0.4402574598789215, 0.40566524863243103, -0.9499708414077759, -0.27319344878196716, 0.8286159634590149, 0.24683313071727753, 0.9067032933235168, -0.14222964644432068, 0.11842001974582672, -0.002869629766792059, -0.5774544477462769, 0.6564995050430298, 0.3328802287578583, -0.35929638147354126, -0.878708004951477, -0.582400918006897, 0.3141712546348572, -0.6548181176185608, 0.19256000220775604, -0.631127655506134, 0.3969026505947113, 0.36875268816947937, 0.14543940126895905, 0.7284801602363586, 0.06472840160131454, -0.1766027957201004], "seq_length": 80, "label": 126}