{"angle": 216, "embeddings": [0.4800078272819519, 0.9107556343078613, 0.6963968276977539, 0.3107993006706238, -0.63680499792099, -0.6799775958061218, 0.9794554710388184, -0.4668411314487457, -0.9738405346870422, -0.833221971988678, 0.4484440088272095, -0.7451213598251343, 0.971822202205658, -0.8936776518821716, 0.7373166680335999, 0.6681073904037476, 0.27362295985221863, 0.6852015852928162, -0.5844010710716248, -0.5613868236541748, 0.38363927602767944, 0.3366640508174896, -0.9408579468727112, 0.7280371189117432, -0.855910062789917, 0.9470269680023193, 0.11819034814834595, -0.3817996084690094, -0.31762105226516724, -0.10476292669773102, -0.8470876216888428, 0.27059292793273926, 0.7690603137016296, -0.8452199101448059, -0.311931312084198, 0.7965131402015686, 0.001994298305362463, -0.09680887311697006, 0.890985906124115, 0.12839360535144806, -0.5069485306739807, -0.5515384078025818, -0.3324582874774933, -0.5800156593322754, -0.3150259256362915, 0.9168237447738647, 0.9332103729248047, -0.5154014229774475, 0.800857424736023, 0.0647110864520073, -0.861911416053772, 0.08206109702587128, 0.9158531427383423, -0.7945315837860107, 0.9224977493286133, -0.41783660650253296, -0.8766578435897827, 0.27129900455474854, 0.976818323135376, 0.8734905123710632, -0.7330760955810547, 0.07178881764411926, 0.7575765252113342, 0.8893871307373047, 0.8459425568580627, 0.963570237159729, -0.18342213332653046, -0.8891505002975464, -0.10852673649787903, 0.7894172668457031, -0.5727129578590393, 0.4070999324321747, 0.6102205514907837, -0.4500478208065033, 0.6314167380332947, 0.6353761553764343, -0.16917812824249268, 0.9532354474067688, 0.8586322069168091, 0.03580612689256668, 0.965019941329956, 0.43430256843566895, -0.9448001384735107, 0.178873211145401, 0.6062559485435486, 0.7538118362426758, 0.15074725449085236, -0.46302226185798645, 0.7628598809242249, -0.9729548096656799, -0.936930239200592, -0.8246731758117676, -0.9783968329429626, 0.8352236151695251, 0.8054614663124084, -0.9450088739395142, 0.6618345379829407, 0.23068435490131378, 0.07300372421741486, -0.20302370190620422, 0.8351104259490967, -0.6457944512367249, -0.5401203036308289, -0.6978562474250793, -0.6310606598854065, 0.4287259876728058, 0.9495446681976318, 0.7116875648498535, 0.868983268737793, 0.4109709560871124, -0.030731506645679474, -0.9225834012031555, -0.24746368825435638, 0.06456315517425537, -0.9362407326698303, 0.0058571454137563705, 0.622952401638031, 0.8819862604141235, -0.15415412187576294, 0.09866544604301453, -0.4380030930042267, -0.426482617855072, 0.15617477893829346, 0.03798320144414902, 0.5713391900062561, -0.8316291570663452, 0.4779800474643707, 0.2094830572605133, -0.6557437181472778, 0.8013737797737122, 0.12145192176103592, -0.4702308177947998, -0.8243192434310913, 0.20466889441013336, -0.8893305659294128, -0.30840614438056946, -0.6620941162109375, 0.7838322520256042, 0.13217750191688538, 0.796543300151825, -0.852599561214447, -0.6101080179214478, -0.4223352372646332, 0.2794237732887268, -0.3934738039970398, -0.9638722538948059, 0.9533155560493469, 0.07676736265420914, 0.9006640911102295, 0.04371574521064758, -0.8300467133522034, -0.6841514706611633, 0.12481529265642166, 0.20680831372737885, 0.945969820022583, 0.8386293053627014, -0.06686513125896454, 0.611558198928833, 0.7452830076217651, -0.8711140751838684, 0.5969537496566772, -0.4440664052963257, 0.8337054252624512, 0.31874603033065796, 0.27317410707473755, 0.9489461183547974, 0.21375462412834167, -0.8178229331970215, 0.9457291960716248, 0.016399040818214417, 0.17445452511310577, -0.4590817391872406, 0.38020211458206177, 0.16688042879104614, -0.10783414542675018, -0.6442875266075134, -0.7788727879524231, -0.7656805515289307, -0.964944064617157, -0.8470339179039001, -0.5038919448852539, -0.024546191096305847, 0.13513675332069397, 0.8859329223632812, -0.7898422479629517, 0.0544666051864624, 0.31348928809165955, -0.5428696274757385, -0.323311448097229, 0.02494870498776436, -0.9130335450172424, -0.8642914891242981, -0.8830136060714722, -0.23092447221279144, 0.6528943777084351, -0.8183183670043945, 0.4060259759426117, -0.44587641954421997, 0.7182974219322205, 0.6862521767616272, -0.7695538401603699, 0.17286400496959686, -0.3495308458805084, -0.23739880323410034, 0.6616595387458801, 0.2585776746273041, -0.9841878414154053, 0.8284685015678406, 0.06108410656452179, 0.8093005418777466, 0.9353636503219604, -0.23059433698654175, -0.6310163736343384, -0.6385014057159424, 0.8556801080703735, -0.46076396107673645, 0.8965027928352356, -0.18748082220554352, -0.26390349864959717, -0.4407539963722229, -0.7418357133865356, -0.8869732618331909, -0.4602334499359131, 0.299295037984848, 0.6848934888839722, -0.685944139957428, -0.669144868850708, -0.007595684379339218, -0.568274736404419, 0.1539352387189865, 0.6961535811424255, -0.39302122592926025, -0.9756344556808472, 0.2761382758617401, 0.940591037273407, -0.2668159604072571, 0.8719826340675354, -0.16040359437465668, 0.2565247118473053, -0.4182359278202057, -0.0035741818137466908, 0.8082476854324341, -0.47612813115119934, 0.8262643814086914, -0.5406463742256165, -0.37957391142845154, 0.2002618908882141, 0.017795497551560402, -0.6046845316886902, 0.6761819124221802, 0.5843116641044617, 0.5899636745452881, 0.06723238527774811, 0.5999253392219543, -0.4261530935764313, 0.27936819195747375], "seq_length": 75, "label": 126}