{"angle": 216, "embeddings": [0.060286279767751694, 0.7530431151390076, 0.523772656917572, 0.09729722887277603, -0.5383194088935852, -0.5020253658294678, 0.9823196530342102, -0.6655788421630859, -0.9022884368896484, -0.7830790877342224, 0.22310538589954376, -0.7339515686035156, 0.9517971873283386, -0.7878313660621643, 0.7077540755271912, 0.7452403903007507, 0.22504167258739471, 0.6038728952407837, -0.6066489219665527, -0.3869749903678894, 0.6547088623046875, 0.14536088705062866, -0.9433909058570862, 0.6906614899635315, -0.8416240215301514, 0.7622402906417847, -0.05767263472080231, -0.594258725643158, -0.4597848951816559, 0.05273968726396561, -0.7545828223228455, 0.264432817697525, 0.7270526885986328, -0.90596604347229, -0.15401355922222137, 0.7179542779922485, -0.15661156177520752, 0.3887191414833069, 0.6945128440856934, -0.04351959377527237, -0.029734592884778976, -0.48722898960113525, -0.13820840418338776, -0.5392366647720337, -0.31421059370040894, 0.8796834349632263, 0.9293849468231201, -0.49665433168411255, 0.5366560220718384, 0.1303301751613617, -0.7689704895019531, 0.08393529802560806, 0.8037472367286682, -0.7321906089782715, 0.8479046821594238, -0.36305564641952515, -0.8283495306968689, 0.2840997874736786, 0.9665769338607788, 0.8133493065834045, -0.8226170539855957, 0.007429418619722128, 0.48516032099723816, 0.8828331828117371, 0.6081648468971252, 0.9672305583953857, -0.17873840034008026, -0.8849661350250244, -0.0017827796982601285, 0.8520134091377258, -0.5022763609886169, 0.5586972832679749, 0.23221437633037567, -0.44550472497940063, 0.5718429088592529, 0.5521754622459412, -0.07608409970998764, 0.9511552453041077, 0.6608494520187378, 0.006387054920196533, 0.9481614828109741, 0.5939697623252869, -0.9200365543365479, 0.17970049381256104, 0.5884489417076111, 0.710502028465271, 0.11601434648036957, -0.18332965672016144, 0.5996459722518921, -0.9733097553253174, -0.9178028106689453, -0.6598610877990723, -0.9619912505149841, 0.8328114151954651, 0.8718460202217102, -0.8307194709777832, 0.5102613568305969, 0.18408970534801483, 0.1193014457821846, -0.10253660380840302, 0.768546998500824, -0.6590316891670227, -0.593107283115387, -0.5750296711921692, -0.5138127207756042, 0.35100257396698, 0.7216611504554749, 0.42382538318634033, 0.848362147808075, 0.4520634710788727, -0.3192034959793091, -0.8646431565284729, -0.4623647630214691, -0.050019074231386185, -0.8227543830871582, 0.26375749707221985, 0.7936968207359314, 0.9016764760017395, -0.5034034848213196, 0.335851788520813, -0.7017370462417603, -0.33015936613082886, 0.03442733362317085, 0.11883077025413513, 0.544892430305481, -0.8645253777503967, 0.3370474874973297, -0.0795847699046135, -0.33406901359558105, 0.6363147497177124, -0.35267174243927, -0.5802220106124878, -0.7197620868682861, -0.3013060688972473, -0.9237490892410278, -0.5966395139694214, -0.3757566809654236, 0.8018665909767151, 0.09688697755336761, 0.8311141133308411, -0.8983966112136841, -0.5854230523109436, -0.3715828061103821, 0.18650588393211365, -0.08340264111757278, -0.9480448961257935, 0.8451651930809021, -0.0591634064912796, 0.6005276441574097, 0.017832495272159576, -0.726378321647644, -0.8025615215301514, 0.31460773944854736, 0.43870460987091064, 0.9417839050292969, 0.6929711699485779, -0.18058884143829346, 0.6738861203193665, 0.8016655445098877, -0.9115325808525085, 0.5570803880691528, -0.3942219913005829, 0.7073190212249756, 0.4030153751373291, 0.23893554508686066, 0.9161126613616943, 0.3803156614303589, -0.8336734771728516, 0.8776540160179138, 0.1285407394170761, 0.27241629362106323, -0.5307315587997437, 0.31569185853004456, 0.33669784665107727, 0.09115669131278992, -0.4055483341217041, -0.7426997423171997, -0.7406954169273376, -0.923488974571228, -0.6293562054634094, -0.38866230845451355, -0.2519432604312897, -0.16541561484336853, 0.8357179760932922, -0.8702253699302673, 0.38919150829315186, 0.025052271783351898, -0.6021685004234314, -0.25935444235801697, -0.21860328316688538, -0.7838873267173767, -0.8887963891029358, -0.8015326857566833, -0.47675880789756775, 0.46501272916793823, -0.6228752136230469, 0.7601365447044373, -0.26381152868270874, 0.6969020962715149, 0.40923935174942017, -0.7399016618728638, 0.048414114862680435, -0.4253140389919281, -0.11034338176250458, 0.5234837532043457, 0.14731164276599884, -0.9903605580329895, 0.8565749526023865, -0.3195072114467621, 0.7969589233398438, 0.8715910911560059, 0.07716861367225647, -0.6872514486312866, -0.3817908763885498, 0.8735774755477905, -0.3201032280921936, 0.6887333393096924, -0.09602154046297073, -0.19428443908691406, -0.41077953577041626, -0.753505527973175, -0.5314151048660278, -0.10301197320222855, 0.2810818552970886, 0.7417463064193726, -0.5571194291114807, -0.7195172309875488, -0.3222368657588959, -0.5875137448310852, 0.3929796516895294, 0.6136572957038879, -0.3036404848098755, -0.8782730102539062, 0.06690898537635803, 0.9341095685958862, 0.05524638295173645, 0.9072469472885132, 0.014161300845444202, 0.25287961959838867, -0.27045515179634094, -0.07645726948976517, 0.7387346625328064, -0.24373197555541992, 0.8300203084945679, -0.4960877299308777, -0.5278816223144531, 0.06914304941892624, -0.08383969217538834, -0.2353394478559494, 0.5050048232078552, 0.5597987771034241, 0.3198624551296234, 0.05261606350541115, 0.5743148922920227, -0.19007998704910278, 0.36016058921813965], "seq_length": 100, "label": 126}