{"angle": 342, "embeddings": [0.4261936545372009, 0.7032110691070557, 0.5284796357154846, -0.0972914770245552, -0.28110259771347046, 0.04116593301296234, 0.9190507531166077, -0.5739389657974243, -0.9444661736488342, -0.44998136162757874, 0.20100635290145874, -0.7729418277740479, 0.8845174908638, -0.8061513304710388, 0.6530325412750244, 0.808944046497345, -0.003994819708168507, 0.25622719526290894, -0.5853389501571655, -0.28260961174964905, 0.16739051043987274, 0.113948293030262, -0.5799471735954285, 0.4958227276802063, -0.6585764288902283, 0.699555516242981, -0.3444221317768097, -0.35238587856292725, -0.25004538893699646, -0.23828332126140594, -0.6421763896942139, 0.6765248775482178, 0.701163113117218, -0.9614613652229309, 0.1407167911529541, 0.28685110807418823, -0.18794135749340057, 0.039261702448129654, 0.5949405431747437, 0.25196102261543274, -0.29350826144218445, -0.0012538433074951172, 0.025848262012004852, -0.6682950854301453, 0.03969603031873703, 0.8331695795059204, 0.6503642201423645, -0.564046323299408, 0.029124779626727104, 0.004799959249794483, -0.42728838324546814, 0.5767492651939392, 0.7511630654335022, -0.4868810772895813, 0.8607235550880432, -0.09961678087711334, -0.7123780846595764, 0.028461318463087082, 0.9141691327095032, 0.7263548970222473, -0.8423699140548706, -0.09071899950504303, 0.5403760075569153, 0.8959882259368896, 0.8199713826179504, 0.86240553855896, -0.521540641784668, -0.939734160900116, 0.0334203727543354, 0.7935618758201599, -0.595381498336792, 0.5495951175689697, 0.38985082507133484, -0.8401963710784912, 0.41831862926483154, 0.29161956906318665, -0.26615944504737854, 0.9348549842834473, 0.7497289180755615, -0.060068871825933456, 0.5907662510871887, 0.5461102724075317, -0.8329586386680603, -0.08192665129899979, 0.47920167446136475, 0.6992452144622803, 0.09667547047138214, -0.17681461572647095, -0.04284849762916565, -0.7542361617088318, -0.7046169638633728, -0.3858180642127991, -0.98006272315979, 0.3891570568084717, 0.7570729851722717, -0.6859332323074341, 0.6695178747177124, -0.13684476912021637, 0.37323781847953796, -0.27771279215812683, 0.6467934250831604, -0.6677431464195251, -0.09855189919471741, -0.41381552815437317, -0.46458688378334045, -0.012074210681021214, 0.5801262855529785, -0.09446319937705994, 0.6936376690864563, 0.24784603714942932, 0.24461033940315247, -0.5613352656364441, -0.09583844244480133, 0.5788065791130066, -0.6541981101036072, 0.07678905874490738, 0.30160394310951233, 0.8955536484718323, -0.4826948344707489, 0.45743995904922485, -0.036873798817396164, -0.1313142627477646, 0.14147385954856873, 0.34275761246681213, 0.5314909219741821, -0.4116908609867096, 0.8740147352218628, 0.11800272017717361, -0.49639302492141724, 0.703692615032196, 0.1632179319858551, -0.8493030071258545, -0.6299891471862793, -0.4470021426677704, -0.7605729103088379, -0.20218132436275482, -0.7530993819236755, 0.7553831338882446, 0.17424950003623962, 0.7074039578437805, -0.7010613083839417, -0.018493475392460823, 0.6202393174171448, -0.3324589729309082, 0.09652325510978699, -0.8459897637367249, 0.7069501876831055, -0.40669479966163635, 0.3796463906764984, 0.009576086886227131, -0.4554997384548187, -0.8870649337768555, 0.23592767119407654, 0.7763589024543762, 0.8440083861351013, 0.5482231378555298, -0.02639966458082199, 0.28465667366981506, 0.5170233249664307, -0.5418475270271301, 0.7342458367347717, -0.13350330293178558, 0.6784102320671082, -0.05401962995529175, 0.25549256801605225, 0.8186888694763184, 0.43203988671302795, 0.15645185112953186, 0.5299468040466309, 0.44426846504211426, 0.4101274609565735, -0.7294557094573975, 0.13416430354118347, 0.6476567387580872, 0.2954952120780945, -0.5412601828575134, 0.053628623485565186, -0.7082657814025879, -0.7734718918800354, 0.03063897043466568, -0.34352147579193115, -0.4365420937538147, 0.31245800852775574, 0.8177207112312317, -0.657086968421936, -0.2141234576702118, -0.27208593487739563, -0.5201611518859863, -0.40387457609176636, 0.5757785439491272, -0.3480580449104309, -0.4967210590839386, -0.6934592723846436, -0.5383337140083313, -0.1117805689573288, -0.2669418156147003, 0.11361923068761826, -0.054226022213697433, 0.7951536178588867, 0.6091541647911072, -0.8923174738883972, 0.10445158183574677, -0.49477073550224304, -0.036404550075531006, 0.025494012981653214, 0.3517545163631439, -0.803318977355957, 0.44593989849090576, -0.30324587225914, 0.6335705518722534, 0.7361777424812317, 0.23890294134616852, 0.060885921120643616, -0.3480527698993683, 0.8515737056732178, -0.5827759504318237, 0.835331380367279, 0.27125057578086853, 0.5270489454269409, 0.23604874312877655, -0.8717649579048157, 0.18412140011787415, 0.413465678691864, -0.09569396823644638, 0.42284294962882996, -0.9283686280250549, -0.0014809396816417575, 0.02612510323524475, -0.6384010314941406, 0.45215216279029846, 0.15697623789310455, -0.521274983882904, -0.9360113143920898, -0.44847971200942993, 0.8430192470550537, -0.300392746925354, 0.39393824338912964, -0.05346319451928139, 0.2685243785381317, -0.3477841317653656, -0.05335983633995056, 0.7703329920768738, -0.26273438334465027, 0.37799209356307983, -0.6810469627380371, -0.4585506319999695, -0.43580469489097595, -0.6304888129234314, -0.3950589597225189, 0.3019123077392578, -0.4124279320240021, 0.5584304332733154, -0.36105889081954956, -0.18095414340496063, -0.3265235126018524, 0.4044896364212036], "seq_length": 90, "label": 126}