{"angle": 162, "embeddings": [-0.7040113210678101, 0.415426641702652, -0.2650180160999298, 0.24930034577846527, -0.3752521574497223, -0.17263184487819672, 0.8455018401145935, -0.7937377691268921, -0.34150663018226624, -0.24142231047153473, -0.4394259750843048, -0.2885914444923401, 0.8665416836738586, -0.41833826899528503, 0.8093796968460083, -0.03731163963675499, 0.5078659653663635, 0.45385655760765076, -0.8312418460845947, 0.3448024094104767, 0.8289969563484192, -0.37405452132225037, -0.941992998123169, 0.5313014984130859, -0.805343747138977, -0.243493914604187, -0.8139246106147766, -0.6040555834770203, -0.13175636529922485, 0.4041650593280792, -0.2871169447898865, -0.7494807243347168, 0.4829069972038269, -0.5347059965133667, 0.08075924962759018, 0.6141165494918823, -0.6817721724510193, 0.6606956124305725, 0.2738465964794159, -0.6032448410987854, -0.11304755508899689, -0.8839172720909119, 0.6075149178504944, 0.6496328115463257, 0.061584778130054474, 0.5954060554504395, 0.49828898906707764, -0.24359850585460663, 0.6208183169364929, 0.16981163620948792, -0.49383407831192017, -0.15021245181560516, 0.6200041174888611, -0.567471444606781, 0.5380892157554626, -0.5648912191390991, -0.07637422531843185, 0.21656069159507751, 0.6552236080169678, 0.09012117236852646, -0.706132173538208, -0.23613260686397552, 0.258022665977478, 0.750488817691803, -0.09119082987308502, 0.6687581539154053, 0.11854954063892365, -0.6276403665542603, 0.17194849252700806, 0.34125271439552307, -0.6243088245391846, 0.6693007946014404, -0.21938392519950867, 0.25278812646865845, 0.36840203404426575, 0.4126022160053253, 0.2799849808216095, 0.49766284227371216, 0.4865301549434662, -0.21488520503044128, 0.8211932182312012, -0.3775651454925537, -0.8278854489326477, 0.44410762190818787, 0.0007605466526001692, 0.29788047075271606, 0.06555917114019394, -0.06880181282758713, 0.5094965100288391, -0.8809787034988403, -0.500264048576355, -0.5136083364486694, -0.8265012502670288, 0.4105249345302582, 0.9006955027580261, -0.6436473727226257, 0.2485334277153015, 0.002743066055700183, -0.02473803237080574, 0.10083453357219696, 0.4822768270969391, -0.49907776713371277, -0.5746387243270874, -0.527327835559845, 0.4251289963722229, 0.3004304766654968, 0.6257066130638123, 0.3298499882221222, 0.26069509983062744, -0.031571872532367706, -0.19717542827129364, -0.7550208568572998, -0.47004473209381104, -0.7497044801712036, -0.8343639969825745, 0.36424314975738525, 0.5114656090736389, 0.8704636096954346, -0.25354087352752686, -0.16878686845302582, -0.8567416667938232, -0.502776026725769, -0.6403304934501648, 0.3722614645957947, 0.21805870532989502, -0.9491124153137207, -0.35185882449150085, -0.5288775563240051, 0.4205910563468933, 0.3152385354042053, -0.8323730230331421, 0.5796776413917542, -0.6877540946006775, -0.4232378900051117, -0.8281063437461853, -0.8733669519424438, 0.1125495508313179, 0.8955541253089905, -0.32347598671913147, 0.28369635343551636, -0.320801317691803, -0.06643650680780411, -0.18821682035923004, 0.32469281554222107, -0.7903720140457153, -0.5170451998710632, 0.8161866664886475, -0.08915736526250839, 0.5019961595535278, -0.22613346576690674, -0.636620283126831, -0.2754507064819336, 0.23524996638298035, -0.22063393890857697, 0.5958184003829956, 0.5331659913063049, -0.04708094894886017, 0.890058696269989, 0.9415659308433533, -0.9309036135673523, 0.24741803109645844, -0.2458440512418747, -0.16892309486865997, 0.45536482334136963, 0.2645482122898102, 0.7277977466583252, 0.020213764160871506, -0.2616347372531891, 0.46050357818603516, 0.26666444540023804, 0.30927538871765137, -0.17784079909324646, 0.5367951989173889, 0.3740835189819336, -0.2816585898399353, -0.15846556425094604, -0.9625841379165649, -0.4396120607852936, -0.7771885991096497, -0.49198201298713684, 0.37135016918182373, -0.22107289731502533, -0.17822489142417908, 0.6324865221977234, -0.9195181727409363, 0.9598122835159302, 0.08018483966588974, 0.04764048382639885, -0.3607814908027649, -0.7607598304748535, -0.5623782873153687, -0.7244797348976135, -0.6072664260864258, -0.9627668857574463, 0.5986016392707825, -0.2667592465877533, 0.8685674071311951, -0.38110116124153137, 0.44759735465049744, -0.1754809468984604, -0.4188539385795593, -0.24404282867908478, -0.856192409992218, 0.04857143759727478, -0.08235616981983185, 0.14277972280979156, -0.9026318192481995, 0.9204871654510498, -0.40232130885124207, 0.5758246183395386, 0.8501251339912415, 0.48658788204193115, -0.6412701606750488, -0.2520020604133606, 0.6190465688705444, 0.4709288775920868, 0.451162189245224, -0.34851202368736267, -0.14767427742481232, -0.727295458316803, -0.04315799102187157, -0.40626057982444763, -0.06222893297672272, 0.28927308320999146, 0.17124751210212708, 0.03218119964003563, -0.8216846585273743, -0.4236781895160675, -0.6774711012840271, 0.23737528920173645, 0.4476436972618103, 0.5231687426567078, -0.6415365934371948, 0.11086118966341019, 0.3174695074558258, -0.33182892203330994, 0.9208838939666748, 0.1808985471725464, -0.04343806207180023, -0.30703675746917725, -0.46430280804634094, 0.3234034776687622, -0.3957538902759552, -0.5832107067108154, -0.8057366609573364, -0.14897944033145905, 0.04043087735772133, -0.24648737907409668, 0.06328887492418289, -0.1788419932126999, 0.4765852093696594, 0.037151314318180084, 0.28785383701324463, 0.6959183216094971, 0.4923093914985657, 0.11858266592025757], "seq_length": 83, "label": 126}