{"angle": 342, "embeddings": [0.02871950902044773, 0.2210666537284851, -0.24367810785770416, 0.06844016909599304, -0.19095320999622345, -0.15853290259838104, 0.8747506737709045, -0.48984846472740173, -0.5485976338386536, -0.08717599511146545, 0.14170034229755402, -0.421479731798172, 0.969926655292511, -0.4050687551498413, 0.5742629766464233, 0.3996085524559021, 0.13929568231105804, 0.26948031783103943, -0.7905166745185852, 0.2675526440143585, 0.332599014043808, 0.23210829496383667, -0.7473245859146118, 0.6397572755813599, -0.5556475520133972, 0.28029677271842957, -0.6214305758476257, -0.4482901394367218, 0.056133951991796494, 0.08338046073913574, -0.39159533381462097, 0.05988944321870804, 0.2947196960449219, -0.8947707414627075, 0.2695101201534271, 0.4455282986164093, -0.44470900297164917, 0.4044402539730072, 0.34715431928634644, -0.1789572685956955, -0.22218136489391327, -0.6778308749198914, 0.099586620926857, -0.2016373723745346, 0.28529778122901917, 0.7606199383735657, 0.46456247568130493, -0.017815958708524704, -0.16589955985546112, 0.2593294382095337, -0.2690943777561188, 0.6141368746757507, 0.614637017250061, -0.3319540023803711, 0.4203285872936249, -0.41866180300712585, -0.4195069968700409, -0.12998998165130615, 0.5831428170204163, 0.31821250915527344, -0.8699710965156555, -0.24375121295452118, -0.02917596884071827, 0.8743417263031006, 0.36822453141212463, 0.6041894555091858, -0.052305690944194794, -0.603939414024353, 0.05396753177046776, 0.48876768350601196, -0.6064047813415527, 0.6325752139091492, -0.1251779943704605, -0.1549610048532486, 0.56961989402771, 0.4870617687702179, 0.19764181971549988, 0.8662532567977905, 0.4657589793205261, -0.3842369616031647, 0.5618751049041748, 0.44633063673973083, -0.7483013272285461, -0.10768485814332962, 0.546945333480835, 0.5621864199638367, -0.09594685584306717, -0.13076335191726685, -0.021048882976174355, -0.8588247895240784, -0.32776105403900146, -0.46533897519111633, -0.9774419069290161, 0.28191515803337097, 0.8720837235450745, -0.7697318196296692, 0.25849685072898865, 0.07386106997728348, 0.05049186944961548, -0.2651927173137665, 0.6233406662940979, -0.40008771419525146, -0.15466712415218353, -0.011511887423694134, 0.4395543932914734, -0.03660419210791588, 0.30125585198402405, -0.08536963164806366, 0.38009777665138245, 0.24369853734970093, 0.05374959856271744, -0.5655828714370728, -0.2604672610759735, -0.37717095017433167, -0.6332376003265381, 0.5247724652290344, 0.18460659682750702, 0.8875622153282166, -0.6055309176445007, 0.3739483952522278, -0.43012121319770813, -0.4416780471801758, -0.14481833577156067, 0.2862558960914612, 0.14576035737991333, -0.4836392104625702, 0.3348512649536133, -0.1511530876159668, 0.06366974115371704, 0.17440274357795715, -0.4736650586128235, -0.3172759413719177, -0.49627819657325745, -0.4947189688682556, -0.8601805567741394, -0.4043087065219879, -0.2991713881492615, 0.7250374555587769, -0.1241782084107399, 0.19561119377613068, -0.718722403049469, -0.09767098724842072, -0.1944139152765274, -0.011384270153939724, 0.17121413350105286, -0.61858731508255, 0.7046918272972107, -0.048548873513936996, 0.08548503369092941, -0.02254919521510601, -0.5524453520774841, -0.7236388921737671, 0.5803924798965454, 0.19489812850952148, 0.71193528175354, 0.7016284465789795, -0.1861298531293869, 0.6033651232719421, 0.38304224610328674, -0.8417001366615295, 0.2680039405822754, -0.015094153583049774, 0.42688947916030884, -0.1764359474182129, 0.22029289603233337, 0.48200729489326477, 0.3870946168899536, -0.07816176861524582, 0.3933921456336975, 0.30064257979393005, 0.46930423378944397, -0.566135048866272, 0.037007663398981094, 0.6820785999298096, 0.05291421338915825, -0.3751603662967682, -0.49427297711372375, -0.6397490501403809, -0.7136059403419495, -0.2639429569244385, 0.16130663454532623, -0.08212833851575851, -0.5338215827941895, 0.5587472319602966, -0.5907667279243469, 0.6551691293716431, 0.06175690516829491, -0.3084913194179535, -0.1263732612133026, 0.0003803953295573592, -0.45304590463638306, -0.7076260447502136, -0.508943498134613, -0.2771025598049164, 0.1072324886918068, -0.06741685420274734, -0.08516203612089157, 0.1253860741853714, 0.8108101487159729, 0.34959542751312256, -0.6381953954696655, -0.11377809941768646, -0.20604029297828674, 0.0801471695303917, -0.03458503633737564, 0.21897782385349274, -0.7354025840759277, 0.591065526008606, 0.05536902695894241, 0.33270397782325745, 0.5555261373519897, 0.20569653809070587, -0.35640761256217957, 0.10416706651449203, 0.8487915992736816, -0.009362921118736267, 0.31210535764694214, 0.23681920766830444, 0.08353957533836365, -0.15747252106666565, -0.6213003993034363, -0.0736202523112297, -0.024782724678516388, 0.40455162525177, 0.42638784646987915, -0.6614201068878174, -0.4272582232952118, -0.5118293166160583, -0.6238704919815063, 0.21688060462474823, -0.12180589139461517, -0.3082117438316345, -0.7216647267341614, -0.13157625496387482, 0.84564208984375, -0.15959440171718597, 0.7600553631782532, 0.3882705271244049, -0.16063569486141205, -0.3773578703403473, -0.27287355065345764, 0.38047221302986145, 0.01285263430327177, -0.06133800745010376, -0.8728072047233582, 0.1736927628517151, -0.20794038474559784, -0.5831737518310547, 0.1797236204147339, -0.04389764741063118, -0.22496679425239563, -0.014650199562311172, 0.04825712740421295, 0.2743452787399292, 0.17742033302783966, 0.32883623242378235], "seq_length": 79, "label": 126}