{"angle": 36, "embeddings": [-0.8329383730888367, 0.2548764646053314, 0.13344146311283112, 0.8538296818733215, -0.7719434499740601, -0.6411774754524231, 0.9163575172424316, -0.6978512406349182, -0.4515014886856079, -0.6863066554069519, -0.573941171169281, -0.404121458530426, 0.9771736860275269, -0.8929253816604614, 0.8964085578918457, -0.6300289630889893, 0.6797102093696594, 0.7563298344612122, -0.9568145871162415, 0.17355069518089294, 0.8966395258903503, -0.6596992015838623, -0.944854736328125, 0.9611930251121521, -0.8604690432548523, -0.4846224784851074, -0.849075973033905, -0.661505937576294, -0.5697055459022522, 0.5811080932617188, -0.5566444993019104, -0.8626967668533325, 0.9192165732383728, -0.679749608039856, 0.25038138031959534, 0.3658240735530853, -0.7925145030021667, 0.6921578049659729, 0.8906538486480713, -0.6961634755134583, -0.2809028625488281, -0.9196802973747253, 0.6287558674812317, 0.8462616205215454, -0.06726319342851639, 0.885673999786377, 0.834610641002655, -0.1959279626607895, 0.7461553812026978, 0.37175145745277405, -0.6160181760787964, -0.12345192581415176, 0.7986552715301514, -0.8423203825950623, 0.8692170977592468, -0.5610621571540833, 0.2559150755405426, 0.35550835728645325, 0.6909869909286499, -0.051210518926382065, -0.9606954455375671, -0.5853319764137268, 0.09555923938751221, 0.8568585515022278, 0.030254576355218887, 0.6902857422828674, -0.14363184571266174, -0.6501766443252563, -0.09652688354253769, 0.42078450322151184, -0.7901470065116882, 0.7813584208488464, -0.4809018075466156, 0.717189610004425, 0.24335940182209015, 0.7773969769477844, 0.6203357577323914, 0.9675434827804565, 0.511341392993927, -0.14294616878032684, 0.7613765001296997, -0.36949485540390015, -0.9550445079803467, 0.4715902805328369, 0.23298798501491547, 0.6106218695640564, 0.10419145226478577, -0.23587974905967712, 0.8317052721977234, -0.9436472058296204, -0.6565554141998291, -0.6247601509094238, -0.9749717116355896, 0.6476761698722839, 0.959172785282135, -0.980616569519043, 0.605665922164917, 0.46394795179367065, 0.09176189452409744, -0.1339130699634552, 0.840266764163971, -0.15297158062458038, -0.6246645450592041, -0.34928953647613525, 0.28667470812797546, 0.2982619106769562, 0.961575448513031, 0.5830060839653015, 0.950892984867096, -0.12893624603748322, -0.3078106939792633, -0.877777099609375, -0.6860496997833252, -0.7538080215454102, -0.9377387166023254, 0.05156686156988144, 0.22534151375293732, 0.9386301636695862, -0.3858243525028229, 0.014060860499739647, -0.9155497550964355, -0.1596468836069107, -0.8456690907478333, -0.33316001296043396, 0.34967395663261414, -0.9650545716285706, -0.27466079592704773, -0.25358155369758606, 0.060125455260276794, 0.5546845197677612, -0.9409504532814026, 0.1987101137638092, -0.8833486437797546, -0.2108609974384308, -0.9404841065406799, -0.7091044783592224, -0.48224523663520813, 0.9479776620864868, -0.46278947591781616, 0.5284010767936707, -0.8749345541000366, 0.03146147355437279, -0.2190011590719223, 0.2860718071460724, -0.7555782198905945, -0.7675477862358093, 0.8664358258247375, -0.19776596128940582, 0.8575403094291687, -0.05830253288149834, -0.8966025710105896, -0.25940895080566406, -0.4727044999599457, -0.34125009179115295, 0.8380778431892395, 0.8410934209823608, -0.23257386684417725, 0.8821370005607605, 0.9696053266525269, -0.9194420576095581, 0.6056222915649414, -0.22284647822380066, 0.17708437144756317, 0.6509445905685425, 0.5243876576423645, 0.6847080588340759, 0.7021341323852539, -0.5780408382415771, 0.7549458146095276, 0.15278871357440948, 0.6074538230895996, -0.4261717200279236, 0.7098812460899353, 0.3214344382286072, -0.646538496017456, -0.08488664031028748, -0.9488487839698792, -0.8912719488143921, -0.958747386932373, -0.6701709032058716, 0.172256737947464, 0.06489790976047516, -0.48769304156303406, 0.7820279598236084, -0.9140222072601318, 0.9594804048538208, 0.3512265682220459, 0.03250203654170036, -0.48859071731567383, -0.8076927661895752, -0.8609065413475037, -0.8925798535346985, -0.92724609375, -0.9642775058746338, 0.5613821148872375, -0.5274440050125122, 0.5634380578994751, 0.03349829837679863, 0.9164255261421204, 0.03228597342967987, -0.757564127445221, -0.15440919995307922, -0.8977624773979187, -0.21254481375217438, 0.09570897370576859, 0.3717201054096222, -0.9107035994529724, 0.9351012110710144, -0.7039730548858643, 0.5404796004295349, 0.9470484852790833, 0.5176455974578857, -0.6763543486595154, -0.5984816551208496, 0.7506234049797058, 0.5449609756469727, 0.213694229722023, -0.38381272554397583, -0.1550755351781845, -0.8255466818809509, -0.014588257297873497, -0.7981278896331787, -0.15631172060966492, 0.15297693014144897, 0.3959542512893677, -0.5911775827407837, -0.8864795565605164, -0.7184934616088867, -0.913496732711792, 0.4444800913333893, 0.3492734134197235, 0.5573083162307739, -0.9764626026153564, -0.3045733869075775, 0.6394485831260681, -0.4854643642902374, 0.9627022743225098, -0.3425061106681824, 0.07993646711111069, -0.5378990769386292, -0.38730791211128235, 0.6182441115379333, -0.4820694923400879, -0.559455156326294, -0.9584742784500122, -0.3877885639667511, 0.2509990632534027, -0.5702307224273682, -0.4704173803329468, -0.2211046665906906, 0.5166422724723816, -0.08833954483270645, 0.1065388098359108, 0.7012015581130981, -0.02496473304927349, -0.1134730726480484], "seq_length": 63, "label": 128}