{"angle": 36, "embeddings": [-0.8450640439987183, -0.06015260890126228, 0.24151569604873657, 0.5769851207733154, -0.7446287274360657, -0.5675017833709717, 0.9573211669921875, -0.761852502822876, -0.08319186419248581, -0.38804179430007935, -0.5314534306526184, -0.3072841763496399, 0.981996476650238, -0.8305467367172241, 0.8596603870391846, -0.3710712194442749, 0.6460890769958496, 0.7888587117195129, -0.9538472890853882, 0.392296701669693, 0.8084243535995483, -0.674688994884491, -0.960530161857605, 0.8811047673225403, -0.8109869956970215, -0.7361649870872498, -0.79997318983078, -0.696428120136261, -0.6716210842132568, 0.45869460701942444, -0.07694818824529648, -0.8323795199394226, 0.8509176969528198, -0.837378740310669, 0.32232770323753357, -0.16755475103855133, -0.8646861910820007, 0.5479373931884766, 0.722216010093689, -0.6563223004341125, -0.5100289583206177, -0.9379388093948364, 0.5983057022094727, 0.8178994655609131, -0.16879844665527344, 0.9589353203773499, 0.5194618701934814, -0.5937725305557251, 0.33618980646133423, -0.026716915890574455, -0.6286464333534241, -0.03436833992600441, 0.4145447611808777, -0.7835299372673035, 0.8423466086387634, -0.8087120056152344, 0.18702775239944458, 0.547153890132904, 0.5338748097419739, 0.02656629867851734, -0.9466562271118164, -0.7757837176322937, -0.2565630376338959, 0.8117616772651672, -0.2115190029144287, 0.7614229321479797, 0.16947923600673676, -0.8672590255737305, 0.05893378704786301, 0.3525659441947937, -0.5035932660102844, 0.6562467813491821, -0.6154967546463013, 0.5409993529319763, 0.2953827977180481, 0.79417484998703, 0.6063753962516785, 0.9679487347602844, 0.5469332933425903, -0.24632897973060608, 0.8402431607246399, -0.607522189617157, -0.9568045139312744, 0.8237906098365784, 0.1719621866941452, 0.23071430623531342, -0.12344199419021606, -0.22341014444828033, 0.7481073141098022, -0.9598654508590698, -0.6937230825424194, -0.17983001470565796, -0.9720208644866943, 0.7674234509468079, 0.972617506980896, -0.9787499904632568, 0.5715462565422058, 0.46700358390808105, 0.11202394962310791, -0.06504590064287186, 0.7956178784370422, -0.7789114713668823, -0.8120994567871094, -0.3514155447483063, 0.14177289605140686, 0.09296143054962158, 0.9316386580467224, 0.2568872272968292, 0.8965913653373718, 0.09808995574712753, -0.11511917412281036, -0.7661217451095581, -0.6773402690887451, -0.6195909380912781, -0.7269362211227417, 0.21767206490039825, 0.5987091660499573, 0.9253315329551697, -0.7642820477485657, -0.03821125626564026, -0.9522390365600586, -0.02963017113506794, -0.9197742342948914, 0.21734897792339325, 0.15028561651706696, -0.9454396963119507, -0.43161582946777344, -0.13856160640716553, 0.6066192984580994, 0.8132217526435852, -0.9499973654747009, -0.031129205599427223, -0.8780655860900879, -0.7148391008377075, -0.937561571598053, -0.9389728903770447, -0.04658590629696846, 0.9461026787757874, -0.43822261691093445, 0.48609352111816406, -0.8592393398284912, -0.20572881400585175, -0.21576111018657684, 0.32884281873703003, -0.6926588416099548, -0.7492405772209167, 0.906108558177948, -0.2688058614730835, 0.8677321672439575, -0.17453332245349884, -0.8911489248275757, -0.47463154792785645, 0.0374891571700573, -0.3629359304904938, 0.928858757019043, 0.7433266639709473, -0.04088081419467926, 0.9462424516677856, 0.9751995205879211, -0.9405530095100403, 0.6861062049865723, -0.09386415034532547, -0.28707486391067505, 0.6334452033042908, 0.7797297239303589, 0.38433900475502014, 0.3612190783023834, -0.7210260629653931, 0.785038948059082, 0.3190048635005951, 0.0773918628692627, -0.6576219797134399, 0.574211835861206, 0.4048701226711273, -0.5800801515579224, -0.33241960406303406, -0.9248517155647278, -0.8556214570999146, -0.9378458261489868, -0.42694902420043945, 0.4117981195449829, -0.04440267011523247, -0.10981389880180359, 0.7440357804298401, -0.9086152911186218, 0.9477683305740356, 0.42020756006240845, -0.19175751507282257, -0.384955495595932, -0.4916202425956726, -0.8415707945823669, -0.8912777304649353, -0.8291995525360107, -0.9737407565116882, 0.5424835681915283, -0.11216776072978973, 0.6979878544807434, 0.3832249045372009, 0.9060481190681458, -0.4988420903682709, -0.846403956413269, 0.370759516954422, -0.8875710964202881, -0.06433281302452087, -0.28598517179489136, 0.6345774531364441, -0.9299417734146118, 0.9500089883804321, -0.7695329189300537, 0.53568035364151, 0.9102361798286438, 0.5603448748588562, -0.7486152648925781, -0.5446726679801941, 0.8337118625640869, 0.335669606924057, 0.1779414713382721, -0.45582056045532227, -0.20580287277698517, -0.8567959666252136, -0.4611908197402954, -0.5882092118263245, -0.127665713429451, 0.3067515790462494, 0.46182504296302795, -0.5807645320892334, -0.9359352588653564, -0.6022416353225708, -0.95509934425354, 0.26549622416496277, 0.5630064606666565, 0.49108773469924927, -0.972070038318634, -0.4728870391845703, 0.2350970059633255, -0.2177870273590088, 0.9436902403831482, -0.3986596465110779, 0.06493856757879257, -0.2372666895389557, -0.3402763307094574, 0.8131341338157654, 0.005338127724826336, -0.6590502858161926, -0.8861510753631592, -0.6532726883888245, 0.2699406147003174, -0.494527667760849, -0.2653063237667084, -0.7140564918518066, 0.19515973329544067, 0.41435185074806213, -0.2612408697605133, 0.7717778086662292, 0.2791052758693695, -0.3815571069717407], "seq_length": 74, "label": 128}