{"angle": 216, "embeddings": [0.768957793712616, 0.8794081211090088, 0.7963109016418457, 0.15428870916366577, -0.7704400420188904, -0.37406715750694275, 0.980555534362793, -0.20492683351039886, -0.9376793503761292, -0.9632089138031006, 0.42962318658828735, -0.9249598383903503, 0.9788227677345276, -0.896230936050415, 0.5269089937210083, 0.6993720531463623, 0.6792700886726379, 0.8524557948112488, -0.8186525702476501, -0.8332752585411072, 0.0966360941529274, 0.29725679755210876, -0.8266822695732117, 0.7565615773200989, -0.924091637134552, 0.9572345018386841, 0.28171905875205994, -0.6944496035575867, -0.3312203288078308, -0.5281155109405518, -0.9343233108520508, 0.6512876749038696, 0.8665961623191833, -0.6996373534202576, -0.5548996925354004, 0.872196614742279, -0.003012194065377116, -0.06177590414881706, 0.9477319717407227, 0.4192841053009033, -0.2826840579509735, -0.6180834174156189, -0.020691968500614166, -0.5491018295288086, -0.35066521167755127, 0.9377070665359497, 0.9047632813453674, -0.4184422194957733, 0.8435511589050293, -0.19307757914066315, -0.9485016465187073, 0.13175247609615326, 0.9800366163253784, -0.7253272533416748, 0.9331808686256409, -0.4033539295196533, -0.8254300355911255, 0.23839356005191803, 0.9758925437927246, 0.8663521409034729, -0.4520609378814697, 0.197733536362648, 0.9007049798965454, 0.9139665365219116, 0.8049768805503845, 0.9416338205337524, -0.17326022684574127, -0.8452149629592896, -0.17281752824783325, 0.9247922897338867, -0.5643260478973389, 0.10204295814037323, 0.8092035055160522, -0.7027410864830017, 0.9478085041046143, 0.779453456401825, 0.13428308069705963, 0.884627640247345, 0.8999506235122681, -0.04093743860721588, 0.9880282878875732, 0.24708698689937592, -0.9558466672897339, 0.12008264660835266, 0.27348050475120544, 0.8539704084396362, 0.22074195742607117, -0.4732493758201599, 0.7831428050994873, -0.9836251139640808, -0.9373916387557983, -0.7703031301498413, -0.9679344296455383, 0.9650176763534546, 0.9188658595085144, -0.9716895222663879, 0.4532703459262848, 0.5439499616622925, 0.17117081582546234, 0.025659695267677307, 0.9367716312408447, -0.7233549356460571, -0.38666245341300964, -0.9063195586204529, -0.5944443345069885, 0.6795956492424011, 0.9325621724128723, 0.2131517380475998, 0.8592016100883484, 0.22492066025733948, -0.029185201972723007, -0.8881634473800659, -0.2020139992237091, 0.7560584545135498, -0.9532243013381958, -0.049911536276340485, 0.692521333694458, 0.8999741077423096, 0.07469091564416885, 0.2677898108959198, -0.24774111807346344, -0.11562036722898483, 0.6459542512893677, 0.20534805953502655, 0.8029634356498718, -0.9592181444168091, 0.6159119606018066, 0.5055595636367798, -0.7863144278526306, 0.7668834328651428, 0.29167619347572327, -0.38369297981262207, -0.931075930595398, 0.11823862046003342, -0.9505277872085571, 0.24278753995895386, -0.8405200242996216, 0.66254723072052, 0.06954117864370346, 0.8637551665306091, -0.8237230777740479, -0.7101917862892151, 0.15641534328460693, 0.022619223222136497, -0.8181091547012329, -0.9656227231025696, 0.9872095584869385, -0.1281963437795639, 0.7846564650535583, 0.023881439119577408, -0.9238729476928711, -0.4687330722808838, -0.16721251606941223, 0.2201104611158371, 0.9208305478096008, 0.7318586111068726, -0.09411341696977615, 0.47550836205482483, 0.6503145694732666, -0.8933132886886597, 0.5578885674476624, -0.7054715156555176, 0.9379773139953613, 0.19474273920059204, 0.08514407277107239, 0.9695754647254944, 0.026025239378213882, -0.5363723635673523, 0.9326757788658142, 0.3951801657676697, 0.09159494936466217, -0.4532944858074188, 0.42117565870285034, -0.18937431275844574, 0.011364209465682507, -0.8740707635879517, -0.6050756573677063, -0.7663722634315491, -0.9673830270767212, -0.8250800967216492, -0.8851335644721985, 0.014239323325455189, 0.22684407234191895, 0.8963214159011841, -0.5773722529411316, -0.09881541877985, 0.22867606580257416, -0.5604179501533508, -0.5884327292442322, 0.5105125904083252, -0.8343484997749329, -0.6722438335418701, -0.9167367815971375, -0.10355335474014282, 0.5279548168182373, -0.8220911622047424, 0.8363260626792908, 0.10391681641340256, 0.7670271396636963, 0.7761675119400024, -0.8371691703796387, 0.3510298728942871, -0.1685723513364792, 0.05749041214585304, 0.8637712597846985, 0.7343705892562866, -0.9873594045639038, 0.8515889048576355, 0.20765851438045502, 0.9134620428085327, 0.9577914476394653, -0.6214403510093689, -0.8470630049705505, -0.8486127853393555, 0.7632380127906799, -0.2960623502731323, 0.9796028733253479, -0.02181299589574337, 0.24402795732021332, -0.2728211581707001, -0.6467797160148621, -0.7619811296463013, -0.3637927174568176, 0.4202876687049866, 0.675551176071167, -0.576734721660614, -0.9335894584655762, 0.10330311954021454, -0.6576545834541321, 0.26306673884391785, 0.5739644765853882, -0.6859366297721863, -0.9349672794342041, -0.1352982223033905, 0.9619444012641907, -0.6078882813453674, 0.9711131453514099, -0.46361133456230164, 0.34944888949394226, -0.24812035262584686, -0.01147928461432457, 0.9166932106018066, 0.07755792886018753, 0.9248480200767517, -0.18039460480213165, -0.5275885462760925, 0.4378988742828369, 0.16890965402126312, -0.858384907245636, 0.738799512386322, 0.3491641581058502, 0.7682772874832153, -0.12516199052333832, 0.36190012097358704, -0.5210134387016296, 0.43865564465522766], "seq_length": 59, "label": 128}