{"angle": 36, "embeddings": [-0.8336679935455322, 0.04389563202857971, 0.18357326090335846, 0.4487341046333313, -0.7929292917251587, -0.26162704825401306, 0.9518876075744629, -0.7531437277793884, -0.30708426237106323, -0.2488146871328354, -0.588653564453125, -0.22777141630649567, 0.9745202660560608, -0.7992293238639832, 0.8620815277099609, -0.3484969735145569, 0.6562504768371582, 0.7732881903648376, -0.944687008857727, 0.385214626789093, 0.8632834553718567, -0.6742129325866699, -0.9598710536956787, 0.8603734374046326, -0.8325510025024414, -0.5936160683631897, -0.8144343495368958, -0.806705117225647, -0.550258219242096, 0.39897483587265015, -0.03685295581817627, -0.7598219513893127, 0.8521918654441833, -0.7299769520759583, 0.4088602364063263, -0.08322165906429291, -0.8323490023612976, 0.530432403087616, 0.7186205387115479, -0.7244766354560852, -0.5473328828811646, -0.9255399107933044, 0.7221192717552185, 0.8097673654556274, -0.15982551872730255, 0.9545353651046753, 0.42433956265449524, -0.6177491545677185, 0.34073859453201294, -0.265431672334671, -0.6116065979003906, 0.05082862824201584, 0.31192678213119507, -0.692859411239624, 0.8385535478591919, -0.818537175655365, 0.3246194124221802, 0.49568599462509155, 0.5042070150375366, 0.0546661876142025, -0.9287588000297546, -0.6866505742073059, -0.2044195979833603, 0.8291403651237488, -0.07938576489686966, 0.7765050530433655, 0.11984456330537796, -0.8913864493370056, 0.19428573548793793, 0.2755773663520813, -0.5503307580947876, 0.6479717493057251, -0.6366076469421387, 0.4345790445804596, 0.3223575949668884, 0.7845520973205566, 0.2827646732330322, 0.9635962843894958, 0.5135040283203125, -0.19352176785469055, 0.783928394317627, -0.6611388921737671, -0.9616409540176392, 0.823586106300354, 0.1261368989944458, 0.011028931476175785, -0.11561062932014465, -0.15841032564640045, 0.7527863383293152, -0.9435678720474243, -0.6307697892189026, -0.24099288880825043, -0.9708496332168579, 0.806657075881958, 0.97418612241745, -0.9707490801811218, 0.5046332478523254, 0.3203602135181427, 0.03516910970211029, 0.12717849016189575, 0.8211485743522644, -0.8107050061225891, -0.8201643228530884, -0.3109150230884552, 0.060681432485580444, 0.2832391560077667, 0.8545894622802734, 0.280160516500473, 0.8642757534980774, 0.04116251319646835, -0.00316040706820786, -0.7871521711349487, -0.5051454901695251, -0.5384857058525085, -0.7010732889175415, 0.3948524296283722, 0.5824299454689026, 0.9448946714401245, -0.7030889391899109, -0.09259781986474991, -0.914063572883606, -0.010454214178025723, -0.8782957792282104, 0.4092952609062195, 0.29551413655281067, -0.9459414482116699, -0.4282287061214447, -0.2113162875175476, 0.5000448822975159, 0.752370297908783, -0.9535946249961853, -0.014434863813221455, -0.8783056735992432, -0.6744490265846252, -0.931651771068573, -0.9334979057312012, 0.073410265147686, 0.8971261382102966, -0.4152023196220398, 0.5928260087966919, -0.8253363966941833, -0.2277321070432663, -0.38570693135261536, 0.18180538713932037, -0.7160472869873047, -0.707007884979248, 0.874176561832428, -0.14498458802700043, 0.8248105645179749, -0.08715459704399109, -0.8883061408996582, -0.38474833965301514, 0.047173574566841125, -0.41201314330101013, 0.8973749876022339, 0.6626808643341064, 0.07486020773649216, 0.9323762059211731, 0.9690225720405579, -0.9452885389328003, 0.617283284664154, -0.06698538362979889, -0.299893319606781, 0.6478869318962097, 0.7627459168434143, 0.40535640716552734, 0.1876169890165329, -0.6479954719543457, 0.7678377628326416, 0.4603979289531708, 0.03355461359024048, -0.46757957339286804, 0.5866394639015198, 0.328661173582077, -0.4620864689350128, -0.3896771967411041, -0.9310956001281738, -0.8498457670211792, -0.9193074703216553, -0.40143027901649475, 0.39303797483444214, -0.1184505820274353, -0.3831619322299957, 0.7048918008804321, -0.8851999044418335, 0.9533991813659668, 0.37866106629371643, -0.2312159538269043, -0.33871251344680786, -0.6151394248008728, -0.7854340672492981, -0.8648830652236938, -0.7589673399925232, -0.9685119390487671, 0.4682497978210449, -0.0898900255560875, 0.6672343611717224, 0.315022349357605, 0.9094040393829346, -0.42775288224220276, -0.786658763885498, 0.20654258131980896, -0.8794381022453308, 0.12890340387821198, -0.27514025568962097, 0.5086498260498047, -0.9155129194259644, 0.9639664888381958, -0.724556028842926, 0.4357539415359497, 0.8710476756095886, 0.4730014204978943, -0.740356981754303, -0.5483525991439819, 0.8523108959197998, 0.3122043311595917, 0.15912577509880066, -0.38206982612609863, -0.15305253863334656, -0.8441111445426941, -0.46170321106910706, -0.544787585735321, -0.08848696202039719, 0.4067879915237427, 0.46950480341911316, -0.5671168565750122, -0.9369831085205078, -0.5270656943321228, -0.9457229971885681, 0.16358333826065063, 0.45324113965034485, 0.45926186442375183, -0.9603137969970703, -0.4012271761894226, 0.24087277054786682, -0.27275940775871277, 0.9341082572937012, -0.3932148814201355, 0.05391079932451248, -0.1406145989894867, -0.33858442306518555, 0.7720516920089722, 0.012007338926196098, -0.5917825698852539, -0.8649331331253052, -0.7050690054893494, 0.297824889421463, -0.6188411116600037, -0.10054966062307358, -0.7562259435653687, 0.10766341537237167, 0.36012518405914307, -0.16032640635967255, 0.7657386064529419, 0.5585052967071533, -0.2524341642856598], "seq_length": 65, "label": 128}