{"angle": 342, "embeddings": [0.42442333698272705, 0.6508424282073975, 0.21895696222782135, 0.16162748634815216, -0.1830967217683792, -0.6454060673713684, 0.9391576647758484, -0.3864508867263794, -0.9597646594047546, -0.3396475613117218, 0.1528480499982834, -0.7977292537689209, 0.8989161849021912, -0.82776939868927, 0.6935316920280457, 0.6104294061660767, 0.6589191555976868, 0.1923907995223999, -0.8024591207504272, -0.3893188536167145, 0.3272635042667389, 0.2898450195789337, -0.797989547252655, 0.7129003405570984, -0.6815434098243713, 0.7282875776290894, -0.6873494982719421, -0.4226275682449341, -0.2628050148487091, -0.4572484493255615, -0.842826783657074, 0.3295912742614746, 0.6603309512138367, -0.9412273168563843, 0.1017443910241127, 0.5482020974159241, -0.3381083607673645, -0.0837223008275032, 0.7113274931907654, 0.3485325574874878, -0.09782427549362183, -0.31602200865745544, 0.16219760477542877, -0.4273696839809418, -0.09178836643695831, 0.6727338433265686, 0.48117199540138245, -0.46955034136772156, 0.29376694560050964, 0.23237626254558563, -0.6749761700630188, 0.43092644214630127, 0.9132246971130371, -0.4613967835903168, 0.7318952083587646, -0.4543871283531189, -0.37633395195007324, 0.35236111283302307, 0.8940910696983337, 0.47976768016815186, -0.9494321942329407, -0.46493247151374817, 0.6031932830810547, 0.8560982346534729, 0.7920539975166321, 0.903531551361084, -0.24717354774475098, -0.83298659324646, 0.37260711193084717, 0.7388572096824646, -0.898700475692749, 0.32105499505996704, 0.3816772997379303, -0.5908567905426025, 0.5340009927749634, 0.5441937446594238, 0.1631060242652893, 0.9243119359016418, 0.741525411605835, -0.054079409688711166, 0.5731338858604431, 0.39599743485450745, -0.9210336804389954, 0.26086485385894775, 0.4765221178531647, 0.7719607353210449, 0.1576787382364273, -0.7567874193191528, 0.10071172565221786, -0.7816373109817505, -0.8008214831352234, -0.7017616629600525, -0.9748810529708862, 0.5428556799888611, 0.773184061050415, -0.7614490389823914, 0.7018287777900696, -0.29918843507766724, 0.3211785852909088, -0.14814896881580353, 0.6588228940963745, -0.6018639206886292, -0.06893645972013474, -0.3078274726867676, 0.050985727459192276, 0.18581902980804443, 0.6669443845748901, 0.825395405292511, 0.7310925126075745, 0.0855979472398758, -0.045847732573747635, -0.632570207118988, 0.14219930768013, 0.04745976999402046, -0.6643571257591248, 0.029904190450906754, 0.08028041571378708, 0.7184134125709534, -0.3127378523349762, -0.262859582901001, -0.00015000735584180802, 0.06301706284284592, 0.4410407841205597, 0.29206565022468567, 0.587106466293335, -0.5623165369033813, 0.8224537968635559, 0.03910723701119423, -0.3899112045764923, 0.5324795842170715, 0.044697217643260956, -0.5610137581825256, -0.7831820845603943, -0.32291513681411743, -0.6157912611961365, -0.3143504559993744, -0.6676805019378662, 0.9193786978721619, -0.13926701247692108, 0.39544400572776794, -0.6850683093070984, -0.3642527163028717, -0.014458020217716694, -0.5589454770088196, -0.15673290193080902, -0.6871355772018433, 0.6846346259117126, -0.003202213905751705, 0.3212963938713074, -0.004939652979373932, -0.8272050023078918, -0.8816047310829163, 0.28691601753234863, 0.2836012542247772, 0.883444607257843, 0.7702871561050415, -0.009000125341117382, 0.5578594207763672, 0.4825843870639801, -0.5101739764213562, 0.7492063045501709, -0.47642579674720764, 0.775029182434082, 0.10941188782453537, 0.484187513589859, 0.8106825351715088, 0.18320973217487335, 0.3669184446334839, 0.9455187320709229, 0.4579867124557495, 0.25580543279647827, -0.5624827146530151, 0.2941799461841583, 0.5150740146636963, 0.09243577718734741, -0.46280011534690857, -0.5530016422271729, -0.7802531123161316, -0.7669669985771179, -0.23156942427158356, -0.3631511330604553, -0.2047508955001831, 0.05680166929960251, 0.9233160614967346, -0.5872301459312439, 0.051308464258909225, 0.16297559440135956, 0.09260746091604233, -0.6865069270133972, 0.6574180722236633, -0.7491787075996399, -0.8596710562705994, -0.7686127424240112, -0.4222412407398224, 0.05683042109012604, -0.4735821485519409, 0.39461150765419006, -0.6489812731742859, 0.8888455629348755, 0.6250386834144592, -0.7057440280914307, -0.6146829128265381, -0.5338326096534729, -0.08166692405939102, 0.38028383255004883, 0.1951438933610916, -0.8058412075042725, 0.48496055603027344, -0.16457054018974304, 0.7570988535881042, 0.8700724840164185, 0.08497880399227142, -0.10190468281507492, -0.36038336157798767, 0.9112791419029236, -0.03232114762067795, 0.6608385443687439, 0.4971379339694977, 0.4556732177734375, 0.047974660992622375, -0.7660819888114929, -0.17466579377651215, -0.08489398658275604, 0.09161794930696487, 0.10205277055501938, -0.8074473142623901, -0.24666044116020203, -0.13340750336647034, -0.941537618637085, 0.00963760819286108, 0.3820176124572754, -0.6922821402549744, -0.9591009020805359, -0.278937965631485, 0.5920315384864807, -0.6871117949485779, 0.3990797996520996, -0.10310782492160797, -0.11533427983522415, 0.2917253077030182, -0.07879526168107986, 0.7095956802368164, -0.6815339922904968, 0.09270718693733215, -0.9277735948562622, -0.21390798687934875, -0.08137325197458267, -0.4011613428592682, -0.4496825337409973, 0.8011415600776672, -0.4235690236091614, 0.6212738156318665, -0.3466017246246338, 0.3024646043777466, -0.012496172450482845, 0.34768158197402954], "seq_length": 51, "label": 128}