{"angle": 216, "embeddings": [0.7851046323776245, 0.8873143792152405, 0.801638126373291, -0.04669353365898132, -0.7704455256462097, -0.4205726087093353, 0.9795960783958435, -0.36050575971603394, -0.9054149389266968, -0.7497410774230957, 0.5619854927062988, -0.8011576533317566, 0.977752685546875, -0.9079171419143677, 0.812031626701355, 0.6971684694290161, 0.3998372554779053, 0.7670217156410217, -0.7929465174674988, -0.6259732842445374, 0.5959033370018005, 0.2380494773387909, -0.8471269011497498, 0.706180989742279, -0.8816476464271545, 0.9462094306945801, 0.03734990954399109, -0.5784037113189697, -0.13997700810432434, -0.25324249267578125, -0.8911089897155762, 0.767907977104187, 0.7914353013038635, -0.7803465723991394, -0.2562522888183594, 0.865432620048523, 0.04568043351173401, 0.34058302640914917, 0.9620773196220398, -0.16293062269687653, -0.3255104124546051, -0.5856747031211853, -0.13541239500045776, -0.4582587480545044, -0.30726343393325806, 0.8725886344909668, 0.8821544647216797, -0.1121448427438736, 0.6968433856964111, -0.05248997360467911, -0.8237408995628357, 0.1872357875108719, 0.918170154094696, -0.6130480766296387, 0.9556430578231812, 0.006841568276286125, -0.7703353762626648, 0.21717169880867004, 0.9601175785064697, 0.8908838629722595, -0.6403195261955261, 0.4366404712200165, 0.715154767036438, 0.7957266569137573, 0.7925727963447571, 0.9583732485771179, -0.24219799041748047, -0.9051064252853394, 0.2972847521305084, 0.9242965579032898, -0.2801593244075775, 0.2692164182662964, 0.30661988258361816, -0.676891565322876, 0.8547694087028503, 0.4717073440551758, 0.2921936511993408, 0.8823379278182983, 0.9828576445579529, -0.0818496122956276, 0.9290213584899902, 0.5323894619941711, -0.9238279461860657, 0.07285207509994507, 0.16264969110488892, 0.8311643004417419, 0.05106572434306145, -0.16932235658168793, 0.7538115978240967, -0.9750840663909912, -0.9518908262252808, -0.31360843777656555, -0.9610341191291809, 0.8549120426177979, 0.8867173194885254, -0.9395545721054077, 0.6756606101989746, 0.27930596470832825, 0.1592840999364853, -0.038743067532777786, 0.8840456604957581, -0.8455983400344849, -0.3143541216850281, -0.7697890400886536, -0.7269797325134277, 0.603607177734375, 0.8763240575790405, -0.15904366970062256, 0.8931125402450562, 0.2634054720401764, 0.07831735908985138, -0.8130599856376648, -0.027900787070393562, 0.5843138694763184, -0.8782646059989929, -0.04588163644075394, 0.7938550114631653, 0.8078799247741699, -0.5162844061851501, 0.30035266280174255, -0.031000729650259018, -0.3978591561317444, 0.5183348655700684, 0.26057183742523193, 0.34811529517173767, -0.8955990076065063, 0.6073399782180786, 0.5875213742256165, -0.38967272639274597, 0.8347883820533752, 0.28018972277641296, -0.6968384981155396, -0.9038891792297363, -0.11567254364490509, -0.9351201057434082, -0.533753514289856, -0.7496293187141418, 0.8299661874771118, 0.16995926201343536, 0.8774929046630859, -0.8544459342956543, -0.7610356211662292, 0.6159920692443848, -0.175010085105896, -0.6029673218727112, -0.9161803126335144, 0.9106048941612244, 0.2488161325454712, 0.8902674317359924, 0.07455169409513474, -0.8346695899963379, -0.5237149596214294, -0.2064667046070099, 0.5414415001869202, 0.8655557632446289, 0.7759469151496887, -0.19947630167007446, 0.018369317054748535, 0.534034788608551, -0.8717864155769348, 0.6923671960830688, -0.38815298676490784, 0.8648524284362793, 0.21234172582626343, 0.6583385467529297, 0.9595329165458679, 0.10061440616846085, -0.3960796892642975, 0.8119007349014282, 0.27699124813079834, 0.04782085493206978, -0.39844274520874023, -0.1574198454618454, 0.6633957028388977, 0.010860259644687176, -0.7540570497512817, -0.6372460722923279, -0.5342724919319153, -0.8998996615409851, -0.6503344178199768, -0.7184008955955505, -0.5927531123161316, 0.0725703313946724, 0.8192915320396423, -0.8519013524055481, -0.1463523954153061, 0.33717745542526245, -0.7271770238876343, -0.14588552713394165, 0.03512952849268913, -0.361272931098938, -0.7296780943870544, -0.8676671385765076, -0.09407302737236023, 0.16802816092967987, -0.4866405427455902, 0.4617612957954407, 0.024346323683857918, 0.5197152495384216, 0.5459610223770142, -0.9475522041320801, 0.3114238977432251, -0.6083207130432129, -0.1648443192243576, 0.5059253573417664, 0.44497087597846985, -0.975414514541626, 0.6260889172554016, 0.5557988882064819, 0.3412967622280121, 0.9339993596076965, -0.10840508341789246, -0.3881140351295471, -0.701278805732727, 0.8405094146728516, -0.6197962164878845, 0.9713282585144043, 0.6197134256362915, 0.12282566726207733, -0.36328133940696716, -0.8264904022216797, -0.4328179657459259, 0.2197026014328003, 0.32741302251815796, 0.9013558626174927, -0.6773445010185242, -0.8018202781677246, -0.06685219705104828, -0.4182955026626587, 0.4236515462398529, 0.44855543971061707, -0.3307006359100342, -0.9341797828674316, 0.07452457398176193, 0.9551195502281189, 0.3430107831954956, 0.8688462972640991, -0.12607598304748535, 0.4716610014438629, -0.43402963876724243, -0.06070925295352936, 0.9104318618774414, 0.39436760544776917, 0.7707143425941467, -0.6984984278678894, -0.4805215299129486, 0.1630309373140335, -0.033101893961429596, -0.49958375096321106, 0.633056104183197, 0.12599335610866547, 0.2356111854314804, 0.11564618349075317, 0.0654987022280693, -0.35026347637176514, 0.15804271399974823], "seq_length": 68, "label": 128}