{"angle": 162, "embeddings": [-0.2410915493965149, 0.7129727005958557, 0.1628965139389038, 0.6098219156265259, -0.5372454524040222, -0.2295462191104889, 0.720047652721405, -0.6642293334007263, -0.6072713732719421, -0.2732662856578827, -0.048161666840314865, -0.29109975695610046, 0.6603775024414062, -0.36445608735084534, 0.37947022914886475, -0.3275836110115051, -0.07668190449476242, 0.4344952702522278, -0.47543755173683167, -0.4180545508861542, 0.7703496813774109, -0.06975135952234268, -0.7256342172622681, 0.416660875082016, -0.4304425120353699, 0.2602502703666687, -0.5216530561447144, -0.2672102749347687, -0.30773910880088806, 0.2780819833278656, 0.0922524482011795, -0.5688232779502869, 0.2632215917110443, -0.5723841190338135, -0.18618090450763702, 0.574194073677063, -0.7918793559074402, 0.39599716663360596, 0.4278978109359741, -0.3007034957408905, -0.16823327541351318, -0.8010163903236389, 0.648125171661377, 0.4252750873565674, -0.07476185262203217, 0.48915281891822815, 0.561667799949646, -0.43992796540260315, 0.6542500853538513, 0.19385722279548645, -0.1590120643377304, 0.3384242057800293, 0.46581387519836426, -0.6117131114006042, 0.6739248633384705, -0.04802295193076134, 0.0648946538567543, 0.41335102915763855, 0.6226729154586792, -0.053022000938653946, -0.8095694184303284, -0.31827664375305176, 0.28037428855895996, 0.6087473034858704, 0.255033016204834, 0.7809311747550964, 0.24376259744167328, -0.8323893547058105, 0.4144933819770813, 0.10379723459482193, -0.6158089637756348, 0.26106196641921997, 0.266987144947052, 0.18695175647735596, 0.0524013377726078, 0.2703087329864502, 0.4139579236507416, 0.5857688188552856, 0.37829384207725525, 0.09333103895187378, 0.6936531662940979, 0.1340675801038742, -0.6989914178848267, 0.4038924276828766, 0.24736742675304413, 0.06306375563144684, 0.053323011845350266, -0.1573670357465744, 0.5024887323379517, -0.7405675649642944, -0.7901418805122375, -0.619144082069397, -0.8101493120193481, 0.009679358452558517, 0.6976622939109802, -0.5581924915313721, 0.47675448656082153, -0.21358153223991394, 0.20967794954776764, 0.1825169324874878, 0.36947208642959595, -0.6263315081596375, -0.49286842346191406, -0.5422389507293701, -0.23648522794246674, 0.16851834952831268, 0.7179597020149231, 0.419589638710022, 0.3874085247516632, -0.09301667660474777, -0.11090307682752609, -0.4976852238178253, -0.3593374788761139, -0.539577066898346, -0.4507582187652588, 0.1462264060974121, 0.3903239965438843, 0.6191921234130859, -0.1952216923236847, -0.12581093609333038, -0.5816270112991333, -0.4209792912006378, -0.6939495801925659, 0.013342482037842274, -0.37427014112472534, -0.8057166934013367, -0.02387056313455105, -0.4626733362674713, 0.3127461075782776, -0.1947420835494995, -0.39062538743019104, 0.36390426754951477, -0.44880712032318115, -0.4402967691421509, -0.37380486726760864, -0.9311841726303101, 0.19119513034820557, 0.8190349340438843, -0.18731509149074554, 0.4943077564239502, -0.2607528269290924, -0.2303132712841034, -0.021055221557617188, 0.15871042013168335, -0.6762573719024658, -0.5166655778884888, 0.60359126329422, 0.3531707525253296, 0.7067211270332336, -0.4250415861606598, -0.6174111366271973, -0.4360620975494385, 0.05281120166182518, -0.24406929314136505, 0.6860589981079102, 0.3565352261066437, -0.3644230365753174, 0.7907754182815552, 0.7565240859985352, -0.7329557538032532, 0.23112806677818298, 0.053708214312791824, -0.5062603950500488, 0.46047431230545044, 0.48146408796310425, 0.6123020052909851, 0.28219661116600037, 0.15983760356903076, 0.32381120324134827, -0.016341974958777428, -0.16872934997081757, 0.1746612787246704, 0.43468356132507324, -0.24608860909938812, -0.5844908356666565, -0.32891151309013367, -0.8871996998786926, -0.23886851966381073, -0.6993651390075684, -0.585087239742279, 0.3766418397426605, -0.14869703352451324, -0.17158237099647522, 0.7261986136436462, -0.8903867602348328, 0.7814056873321533, 0.1620829552412033, -0.12585477530956268, -0.349777489900589, -0.4206344187259674, -0.6498815417289734, -0.43135109543800354, -0.3643379509449005, -0.8757745027542114, 0.5341798663139343, -0.1924469769001007, 0.732356071472168, -0.49691763520240784, 0.4608337879180908, 0.051042042672634125, 0.09823865443468094, -0.3935660123825073, -0.7092272639274597, -0.02553464286029339, 0.014351684600114822, -0.11553759127855301, -0.7375403642654419, 0.8087326884269714, 0.028005769476294518, 0.06644760817289352, 0.696390688419342, 0.4062593877315521, -0.1347636878490448, -0.426435261964798, 0.7537474632263184, 0.20391875505447388, 0.19473497569561005, -0.4183017313480377, -0.4047943353652954, -0.6503304243087769, 0.21415278315544128, -0.5366702079772949, -0.2294473946094513, 0.2289854884147644, 0.5123056173324585, 0.1547071486711502, -0.4899276793003082, -0.7486205101013184, -0.4308501183986664, 0.43684840202331543, -0.04751797392964363, 0.34449487924575806, -0.7634037137031555, 0.06723199039697647, 0.07783963531255722, -0.3046850264072418, 0.6588407158851624, 0.02622767724096775, 0.1872636377811432, -0.3692629337310791, -0.32491233944892883, 0.31788986921310425, -0.4339539408683777, -0.003112379228696227, -0.8733044862747192, 0.013769896700978279, 0.1494961977005005, -0.184240460395813, -0.021284015849232674, 0.040412720292806625, 0.7345890998840332, -0.6356856226921082, 0.40946176648139954, 0.6088719367980957, 0.38923394680023193, 0.033705949783325195], "seq_length": 38, "label": 128}