{"angle": 216, "embeddings": [0.641533613204956, 0.8480855226516724, 0.7697812914848328, -0.06658362597227097, -0.8200869560241699, -0.39639532566070557, 0.9852795600891113, -0.5493192076683044, -0.9125794172286987, -0.7792565822601318, 0.3543304204940796, -0.7733047604560852, 0.9815869927406311, -0.9152193069458008, 0.7919666767120361, 0.8084026575088501, 0.3982919454574585, 0.7590601444244385, -0.766866147518158, -0.46538475155830383, 0.6751836538314819, 0.33954015374183655, -0.8569900989532471, 0.7567363977432251, -0.8938250541687012, 0.9357057213783264, -0.04571754112839699, -0.6688376665115356, -0.22780892252922058, -0.0897209420800209, -0.8664376735687256, 0.7727299928665161, 0.7873508334159851, -0.8256504535675049, -0.1667943149805069, 0.8458629846572876, 0.014682456851005554, 0.49660924077033997, 0.9390967488288879, -0.3257058560848236, -0.19983631372451782, -0.5777258276939392, -0.24942348897457123, -0.6162091493606567, -0.26360395550727844, 0.9041054248809814, 0.9070425033569336, -0.11843639612197876, 0.6957025527954102, -0.027324169874191284, -0.8270983695983887, 0.1526930332183838, 0.8713175058364868, -0.7445752620697021, 0.9583214521408081, -0.004111109767109156, -0.7456587553024292, 0.1873580813407898, 0.9507469534873962, 0.8868381977081299, -0.7608280777931213, 0.4019758701324463, 0.6213647127151489, 0.8371877074241638, 0.7797297835350037, 0.9594345092773438, -0.2063848227262497, -0.9275367259979248, 0.3537133038043976, 0.9259260296821594, -0.25710904598236084, 0.4865357577800751, 0.11482468992471695, -0.6948261857032776, 0.8312978744506836, 0.5188707709312439, 0.1973026990890503, 0.8812156319618225, 0.969710648059845, -0.14942200481891632, 0.9370902180671692, 0.6114694476127625, -0.9362668395042419, 0.11638568341732025, 0.2060505747795105, 0.7853382229804993, 0.08219582587480545, -0.11586826294660568, 0.7080512046813965, -0.984486997127533, -0.9506099820137024, -0.3182552754878998, -0.963597297668457, 0.8683466911315918, 0.8589236736297607, -0.9208371043205261, 0.6809200048446655, 0.18735486268997192, 0.21765759587287903, -0.08813314139842987, 0.9162095189094543, -0.8281542062759399, -0.47527778148651123, -0.7262752652168274, -0.6389586925506592, 0.5607385635375977, 0.8242517709732056, 7.451452984241769e-05, 0.9029834866523743, 0.429605633020401, 0.1035173237323761, -0.865092933177948, -0.19851967692375183, 0.6673818230628967, -0.8528394103050232, -0.08854157477617264, 0.8768330812454224, 0.8236657381057739, -0.6132020950317383, 0.36231541633605957, -0.3781733512878418, -0.39621496200561523, 0.37942254543304443, 0.2354833036661148, 0.31172236800193787, -0.8914473056793213, 0.7080602049827576, 0.6128354668617249, -0.30398306250572205, 0.8193607926368713, 0.15457536280155182, -0.7065445184707642, -0.8677554130554199, -0.2445835918188095, -0.941949725151062, -0.6330785751342773, -0.6946981549263, 0.8176205158233643, 0.1649186611175537, 0.8935560584068298, -0.9071794748306274, -0.7417861223220825, 0.5597283244132996, -0.02256096340715885, -0.33250224590301514, -0.9254183173179626, 0.8888809680938721, 0.20113202929496765, 0.8230867981910706, 0.06692282855510712, -0.846403181552887, -0.6964136362075806, -0.09647905826568604, 0.49545055627822876, 0.889621376991272, 0.6947817206382751, -0.2663906514644623, 0.2784085273742676, 0.6557645201683044, -0.9104821681976318, 0.634349524974823, -0.3244222104549408, 0.8131021857261658, 0.3724200427532196, 0.6501519083976746, 0.9518430829048157, 0.27394914627075195, -0.6358851194381714, 0.8135113716125488, 0.1779128909111023, 0.08725634962320328, -0.5106335282325745, -0.11248095333576202, 0.6654365062713623, 0.10068285465240479, -0.7071521282196045, -0.7131060361862183, -0.6343026757240295, -0.8829212784767151, -0.636842668056488, -0.6124071478843689, -0.5913938879966736, -0.08260602504014969, 0.831696093082428, -0.8587185144424438, 0.014134244062006474, 0.19026735424995422, -0.7838466167449951, -0.23167866468429565, -0.09328169375658035, -0.4547683000564575, -0.8287686705589294, -0.8294370770454407, -0.15140044689178467, 0.27458399534225464, -0.4205649197101593, 0.5531209707260132, -0.14264239370822906, 0.5574334263801575, 0.3352849781513214, -0.949626088142395, 0.30703139305114746, -0.5768364667892456, -0.21296575665473938, 0.4418199956417084, 0.13784882426261902, -0.9808525443077087, 0.7024575471878052, 0.24739357829093933, 0.09923814237117767, 0.9338704347610474, 0.054159920662641525, -0.4997609853744507, -0.5990079641342163, 0.8443304896354675, -0.6550716161727905, 0.9528099894523621, 0.4553855359554291, -0.08675123751163483, -0.46675723791122437, -0.8589507341384888, -0.3905557692050934, 0.08424331247806549, 0.35825374722480774, 0.9290353655815125, -0.8352115154266357, -0.7989521622657776, -0.16912347078323364, -0.4453813433647156, 0.3116942048072815, 0.5524210929870605, -0.33629757165908813, -0.9438306093215942, 0.10834472626447678, 0.9709041118621826, 0.43997374176979065, 0.8797315359115601, -0.0275051761418581, 0.4827767312526703, -0.35400480031967163, -0.05493956804275513, 0.902073860168457, 0.19523411989212036, 0.7956823110580444, -0.6831981539726257, -0.5264084339141846, 0.20243170857429504, -0.058026064187288284, -0.3514752686023712, 0.6798667907714844, 0.3011753559112549, 0.19274325668811798, 0.26985788345336914, 0.31324413418769836, -0.13842026889324188, 0.1503501534461975], "seq_length": 82, "label": 128}