{"angle": 162, "embeddings": [-0.4208248555660248, 0.577193558216095, -0.0790964812040329, 0.49051088094711304, -0.6694758534431458, 0.22415819764137268, 0.6479090452194214, -0.6039032936096191, -0.5490089654922485, -0.5433756709098816, -0.30227217078208923, -0.23754474520683289, 0.7051722407341003, -0.6144284009933472, 0.3387162983417511, -0.22457437217235565, 0.19770921766757965, 0.37473124265670776, -0.5687637329101562, -0.3446876108646393, 0.792667806148529, 0.2128085047006607, -0.7971235513687134, 0.35017600655555725, -0.7172884345054626, 0.47808724641799927, -0.4027642607688904, -0.18667186796665192, -0.01929389499127865, 0.20098726451396942, -0.1486041247844696, -0.678167462348938, 0.5219085812568665, -0.2338268756866455, -0.40154460072517395, 0.715442955493927, -0.7305699586868286, 0.05164951831102371, 0.49076658487319946, -0.26969248056411743, -0.10512766987085342, -0.8584271669387817, 0.762710690498352, 0.3907933831214905, -0.0038476267363876104, 0.5193747878074646, 0.6361721158027649, -0.35568204522132874, 0.7376807928085327, 0.40435242652893066, -0.5127096772193909, -0.0279951561242342, 0.5170416235923767, -0.6924986243247986, 0.2534818649291992, 0.2876826822757721, 0.1728619784116745, 0.04675500839948654, 0.654617965221405, 0.3351449966430664, -0.7227427363395691, -0.04726886749267578, 0.5340098738670349, 0.6679021120071411, 0.17455413937568665, 0.6562734842300415, 0.2258443683385849, -0.6239592432975769, 0.20876047015190125, -0.16934622824192047, -0.6927836537361145, 0.4443811774253845, 0.5674607157707214, -0.1792556196451187, -0.1081029623746872, 0.5415900349617004, 0.4006170928478241, 0.5366753935813904, 0.14267995953559875, 0.375669926404953, 0.6515126824378967, -0.08839498460292816, -0.6865717172622681, 0.15646791458129883, 0.09942346811294556, -0.005185229238122702, 0.09007720649242401, 0.2922961413860321, 0.4404102861881256, -0.7062689661979675, -0.8497214317321777, -0.6163467764854431, -0.7265847325325012, 0.14136013388633728, 0.7666508555412292, -0.4724872410297394, 0.3176648020744324, 0.03625745326280594, 0.3236214220523834, 0.1464643031358719, 0.31003671884536743, -0.4451865255832672, -0.4721652567386627, -0.7178331017494202, -0.012889623641967773, 0.4070727527141571, 0.6491012573242188, 0.06207789108157158, 0.2837400436401367, 0.0432899035513401, -0.06923050433397293, -0.6413248777389526, -0.4399104416370392, -0.8223393559455872, -0.6124810576438904, 0.24035702645778656, 0.6584186553955078, 0.7020540237426758, -0.013985514640808105, 0.06818411499261856, -0.7147175669670105, -0.6035304665565491, -0.6845726370811462, 0.21638672053813934, -0.13190387189388275, -0.8463438749313354, 0.2559641897678375, -0.2710612118244171, 0.4357507526874542, 0.042104583233594894, -0.4793987274169922, 0.3343164324760437, -0.547366738319397, -0.393582820892334, -0.5414203405380249, -0.9167097806930542, 0.2925165593624115, 0.7688451409339905, -0.14331476390361786, 0.6023503541946411, -0.013211199082434177, 0.006848139222711325, 0.04091474413871765, 0.2054039090871811, -0.6602442860603333, -0.45736438035964966, 0.6070705652236938, 0.14666037261486053, 0.5638042092323303, -0.39366742968559265, -0.7232929468154907, -0.03704181686043739, -0.1082497388124466, -0.2001500129699707, 0.6788636445999146, 0.06025877222418785, -0.5014863610267639, 0.7060049176216125, 0.8180142641067505, -0.6702359914779663, 0.137555792927742, -0.2454526722431183, -0.2736597955226898, 0.612673819065094, -0.0935901403427124, 0.6570248603820801, -0.01706911064684391, 0.05868988856673241, 0.2612725794315338, 0.0434536449611187, 0.1484200656414032, 0.38871145248413086, 0.5989809632301331, -0.43166080117225647, -0.8033539652824402, -0.38329213857650757, -0.9200863838195801, -0.43226704001426697, -0.7597435116767883, -0.43172794580459595, 0.14888837933540344, 0.21196147799491882, -0.45616522431373596, 0.5594007968902588, -0.9124285578727722, 0.8161391019821167, 0.07874363660812378, 0.00237172725610435, -0.3511006832122803, -0.6892427802085876, -0.6374472379684448, -0.5932588577270508, -0.4431482255458832, -0.8512049317359924, 0.5841047167778015, -0.23633718490600586, 0.7160761952400208, -0.2664349377155304, 0.4137183725833893, -0.00223884847946465, 0.15096239745616913, -0.5998157858848572, -0.7807145714759827, 0.25858646631240845, 0.09986431151628494, -0.0383995845913887, -0.8050865530967712, 0.8501587510108948, 0.06473349034786224, 0.20953767001628876, 0.6368378400802612, 0.33100733160972595, -0.45689964294433594, -0.4451926350593567, 0.3377549350261688, 0.3153117597103119, 0.26545196771621704, -0.6488073468208313, -0.16008628904819489, -0.7292957305908203, 0.2985883057117462, -0.2410673350095749, 0.0029502767138183117, 0.583016574382782, 0.6839988827705383, 0.10839863121509552, -0.6490042805671692, -0.559838593006134, -0.38169214129447937, 0.7225704789161682, -0.15630722045898438, 0.3674764037132263, -0.7979512214660645, -0.06319736689329147, 0.13354791700839996, -0.3205426335334778, 0.7454147338867188, 0.029982242733240128, 0.4110744297504425, -0.1986209601163864, -0.47218433022499084, -0.49652940034866333, -0.42326322197914124, -0.14693284034729004, -0.6096328496932983, 0.14204266667366028, 0.07348203659057617, -0.38695576786994934, -0.4160078465938568, 0.12099836766719818, 0.794739305973053, -0.5057259202003479, 0.5964665412902832, 0.6513509750366211, 0.3957435190677643, 0.007632640656083822], "seq_length": 56, "label": 128}