{"angle": 342, "embeddings": [0.4882165491580963, 0.8572328090667725, 0.49973127245903015, 0.5603799819946289, -0.16950583457946777, -0.34461483359336853, 0.9007469415664673, -0.04111841693520546, -0.9556636214256287, -0.6717345714569092, 0.5762096047401428, -0.8635945320129395, 0.9519439935684204, -0.9281784296035767, 0.7688767313957214, 0.5037705302238464, 0.21285505592823029, 0.5875519514083862, -0.7621335983276367, -0.3916422724723816, -0.345981240272522, 0.10877086967229843, -0.7836642861366272, 0.22076554596424103, -0.8122318387031555, 0.8886210918426514, -0.533160924911499, -0.47141799330711365, -0.019209623336791992, -0.7610225081443787, -0.9041569828987122, 0.1570712774991989, 0.6980257034301758, -0.7228261828422546, -0.4895276725292206, 0.6678314208984375, 0.033717554062604904, -0.23259928822517395, 0.9439147114753723, 0.6075092554092407, -0.688549280166626, -0.48620474338531494, 0.004370900336652994, -0.3530067205429077, -0.16606169939041138, 0.4696890115737915, 0.19320234656333923, 0.2711930274963379, 0.7285957932472229, 0.13944759964942932, -0.6676470041275024, 0.6040016412734985, 0.9684999585151672, -0.2170724719762802, 0.8770707249641418, -0.4280494451522827, -0.2797415554523468, -0.20274892449378967, 0.9060471653938293, 0.5492189526557922, -0.7050790786743164, -0.16267086565494537, 0.7673203349113464, 0.8634136319160461, 0.86309814453125, 0.7974407076835632, -0.2554250955581665, -0.8049719929695129, -0.07965146750211716, 0.8342797160148621, -0.9492385983467102, -0.0023115091025829315, 0.8380427360534668, -0.39346325397491455, 0.7324870228767395, 0.6575853228569031, 0.31131696701049805, 0.8440132141113281, 0.9084050059318542, 0.01740999147295952, 0.801848828792572, 0.17483443021774292, -0.8716487288475037, 0.18199759721755981, 0.19566144049167633, 0.7846342325210571, -0.011879359371960163, -0.4443412125110626, 0.7546162009239197, -0.6056944131851196, -0.8706212639808655, -0.9436609745025635, -0.9615871906280518, 0.7842988967895508, 0.8683028221130371, -0.9477851986885071, 0.8878003358840942, 0.08619590848684311, 0.19767338037490845, -0.23747855424880981, 0.7484365105628967, -0.7176820039749146, 0.19454476237297058, -0.7965991497039795, -0.06523701548576355, 0.15695515275001526, 0.9469584822654724, 0.45068231225013733, 0.5357252359390259, -0.44497427344322205, 0.0015223273076117039, -0.9207404255867004, 0.3954448997974396, -0.25225773453712463, -0.8695002794265747, -0.003492016578093171, -0.052695129066705704, 0.6748512983322144, 0.05590568110346794, -0.06870114803314209, 0.3623976707458496, -0.0711250826716423, 0.6884097456932068, 0.4112592339515686, 0.2080574333667755, -0.8791829347610474, 0.6670661568641663, 0.3064897954463959, -0.5585790276527405, 0.616493284702301, 0.2555903196334839, -0.2518739402294159, -0.8785911202430725, 0.24358002841472626, -0.4473605751991272, 0.22688043117523193, -0.6035494804382324, 0.9281097650527954, 0.07139582186937332, 0.7756698131561279, -0.5955594778060913, -0.8161328434944153, 0.41403067111968994, -0.32943785190582275, -0.6944251656532288, -0.6027750968933105, 0.7995092272758484, 0.40612515807151794, 0.7654555439949036, 0.0500357486307621, -0.8326104879379272, -0.3041542172431946, 0.20484693348407745, -0.0656125620007515, 0.7093784213066101, 0.822590708732605, -0.029405487701296806, 0.08047427982091904, -0.010987880639731884, -0.6652811169624329, 0.5694859027862549, -0.4561914801597595, 0.9160616993904114, 0.10507884621620178, 0.40625324845314026, 0.951137125492096, 0.07151911407709122, 0.8020367622375488, 0.9537316560745239, 0.5795727372169495, 0.46755093336105347, 0.13377971947193146, 0.35606327652931213, 0.13640016317367554, -0.23370791971683502, -0.7361533641815186, -0.5315240621566772, -0.6072911620140076, -0.9471748471260071, -0.4977891743183136, -0.6164273619651794, -0.07077449560165405, 0.17270150780677795, 0.828163206577301, -0.6339991688728333, 0.0005040706018917263, 0.4276133179664612, -0.1799362599849701, -0.6651322245597839, 0.6096883416175842, -0.8783392906188965, -0.688926637172699, -0.8849064707756042, -0.1669856756925583, 0.05710850656032562, -0.7666044235229492, 0.038954369723796844, -0.21122445166110992, 0.70826256275177, 0.79132080078125, -0.8235340118408203, -0.345430850982666, -0.3933311998844147, 0.1386660933494568, 0.2325810343027115, 0.21372053027153015, -0.6907832622528076, 0.47509145736694336, 0.558958888053894, 0.36047667264938354, 0.9346333146095276, -0.2884902060031891, -0.2017689198255539, -0.609434962272644, 0.8390820026397705, -0.18109409511089325, 0.7260900139808655, 0.5080168843269348, 0.5523917078971863, 0.20791718363761902, -0.731614887714386, -0.7263328433036804, -0.28185081481933594, -0.1809169501066208, 0.24873825907707214, -0.34528061747550964, -0.603650689125061, 0.20359833538532257, -0.23157751560211182, -0.12085738778114319, 0.3493141531944275, -0.45078611373901367, -0.9665310382843018, 0.20731155574321747, 0.5316659808158875, -0.8566019535064697, 0.8339503407478333, -0.26010406017303467, 0.047253429889678955, -0.1762162446975708, 0.057453904300928116, 0.4621438682079315, -0.4536858797073364, -0.19619332253932953, -0.8755928874015808, 0.06794421374797821, 0.06897859275341034, 0.037837374955415726, -0.7773513197898865, 0.511875569820404, -0.6147441864013672, 0.6152058839797974, 0.1395454704761505, 0.1398920863866806, -0.5191097259521484, 0.16991515457630157], "seq_length": 35, "label": 128}