{"angle": 162, "embeddings": [-0.3708614408969879, 0.6530079245567322, 0.5843619704246521, 0.6663165092468262, -0.6905844807624817, 0.00937856175005436, 0.631416916847229, -0.6330971121788025, -0.32996371388435364, -0.4404475688934326, -0.03854908049106598, -0.0291108638048172, 0.6704957485198975, -0.6000314950942993, -0.39116421341896057, -0.4173770844936371, -0.23078928887844086, 0.679853618144989, 0.030376974493265152, -0.7456017136573792, 0.8597707748413086, 0.1630946397781372, -0.8208661079406738, -0.4737652540206909, -0.6042666435241699, 0.42641815543174744, 0.28661686182022095, -0.006538053508847952, -0.33198344707489014, 0.2568363547325134, 0.11866902559995651, -0.5756508708000183, 0.17124104499816895, -0.09139575064182281, -0.2748207151889801, 0.5993556380271912, -0.5874027609825134, 0.019898639991879463, 0.5128417611122131, -0.3422222137451172, 0.2760615050792694, -0.47664159536361694, 0.058660559356212616, 0.4966373145580292, -0.553207278251648, 0.6327152848243713, 0.7506067752838135, -0.6207642555236816, 0.6608939170837402, 0.16763204336166382, 0.0024704483803361654, 0.04153169319033623, 0.05323226377367973, -0.7273727059364319, 0.27325376868247986, -0.13063830137252808, -0.5258158445358276, 0.4385623633861542, 0.11019791662693024, 0.4396844506263733, -0.39517539739608765, -0.0216996893286705, 0.579489529132843, 0.3303236663341522, 0.15658077597618103, 0.2840873897075653, 0.4530339539051056, -0.827594518661499, -0.41206425428390503, -0.004283473361283541, -0.28673413395881653, 0.2035176306962967, 0.6615381836891174, -0.5086041688919067, -0.08790905028581619, 0.1530526578426361, 0.5287479758262634, -0.2514766752719879, 0.24870333075523376, -0.013333864510059357, 0.5432244539260864, 0.13064797222614288, -0.3970928490161896, 0.3839542865753174, 0.0021266667172312737, 0.17944733798503876, 0.6404069066047668, 0.3417298197746277, 0.593650221824646, -0.673347532749176, -0.418283075094223, -0.2979653477668762, -0.5682775378227234, 0.1374119520187378, 0.15977667272090912, -0.07668016850948334, 0.523887574672699, 0.443593829870224, 0.22925913333892822, -0.11685369908809662, 0.26606857776641846, -0.7916015982627869, -0.7413642406463623, -0.7648410201072693, -0.7529783248901367, 0.27303001284599304, 0.49614882469177246, -0.2038789540529251, 0.15890587866306305, 0.4491004943847656, -0.2379532903432846, -0.5945022106170654, -0.32739755511283875, -0.4669732451438904, -0.3787943720817566, 0.4947144389152527, 0.7157956957817078, 0.48900550603866577, 0.1886090338230133, 0.5748422145843506, -0.7437257766723633, -0.6512053608894348, -0.5498375296592712, -0.2130538523197174, -0.4439975917339325, -0.7080682516098022, 0.22162966430187225, 0.3748212158679962, -0.015015260316431522, 0.39358583092689514, 0.6705949306488037, -0.39646637439727783, -0.3946138918399811, -0.26011019945144653, -0.47145578265190125, -0.8975434899330139, 0.4294813573360443, 0.7639846801757812, 0.12345395237207413, 0.5984175205230713, -0.1573936492204666, -0.2236502468585968, 0.7005165815353394, 0.25003862380981445, -0.08600378781557083, -0.3702680468559265, 0.6667348742485046, 0.30978065729141235, 0.6535820364952087, 0.3790023624897003, -0.5948666930198669, 0.18766570091247559, -0.01661786064505577, 0.2207949161529541, 0.7876147627830505, 0.2894708514213562, -0.7906871438026428, 0.4915412664413452, 0.845477283000946, -0.6949980854988098, -0.12444457411766052, -0.20914554595947266, -0.603958010673523, 0.6507929563522339, 0.06537257134914398, 0.39062416553497314, -0.14428940415382385, -0.4733448326587677, 0.2860020101070404, -0.20585685968399048, -0.5254400968551636, 0.013392140157520771, 0.11299631744623184, -0.5984968543052673, -0.6381680965423584, -0.3989436626434326, -0.6630235910415649, -0.07231947779655457, -0.7461423873901367, -0.278520792722702, 0.381151407957077, 0.4423106610774994, 0.23812788724899292, 0.4260052442550659, -0.8678650856018066, 0.45983052253723145, 0.03331765532493591, -0.6334049105644226, -0.4043050706386566, -0.3302760720252991, -0.6628677248954773, 0.0451454296708107, 0.15266820788383484, -0.9111455082893372, 0.6449310183525085, -0.38911017775535583, 0.7926489114761353, -0.04114009439945221, 0.03131851926445961, 0.03300154581665993, -0.26290565729141235, -0.06540767103433609, -0.4890047013759613, 0.03835832700133324, 0.3076331317424774, 0.6695084571838379, -0.7569264769554138, 0.6013953685760498, -0.5035449862480164, -0.042666200548410416, 0.5975926518440247, 0.447471559047699, -0.22428257763385773, -0.4149773120880127, 0.3639996647834778, 0.11173674464225769, 0.4890122413635254, -0.8424359560012817, -0.10782710462808609, -0.7413193583488464, -0.03038044460117817, -0.35864418745040894, 0.3539661169052124, 0.30972999334335327, 0.8306547403335571, 0.28942573070526123, -0.36229759454727173, -0.2589181661605835, -0.09173540771007538, 0.7827494740486145, 0.1854715347290039, 0.5271105766296387, -0.6388702392578125, -0.016765452921390533, 0.36746668815612793, 0.13371345400810242, 0.38892048597335815, 0.04718823730945587, 0.24298006296157837, -0.3268054127693176, -0.7383059859275818, -0.07019355893135071, 0.01290171965956688, -0.01607576012611389, -0.7769965529441833, -0.03623811528086662, 0.24492722749710083, -0.179562047123909, -0.47193166613578796, -0.2648237645626068, 0.9187557101249695, -0.4632512629032135, 0.5695265531539917, 0.5877591371536255, 0.45878392457962036, -0.02025817520916462], "seq_length": 53, "label": 129}