{"angle": 162, "embeddings": [-0.490952730178833, 0.6350459456443787, 0.6849384307861328, 0.2351793497800827, -0.3230847120285034, 0.12259872257709503, 0.6143946647644043, -0.6289516091346741, -0.31565526127815247, -0.1940918266773224, 0.4417990744113922, 0.20090194046497345, 0.4368705749511719, -0.3064572811126709, -0.4712219834327698, 0.1329811066389084, -0.5420740842819214, 0.6417176127433777, 0.30736276507377625, -0.5148558020591736, 0.6736604571342468, 0.3620794117450714, -0.6441081166267395, -0.7948015332221985, -0.39380624890327454, 0.3769632577896118, 0.34172919392585754, -0.12868845462799072, -0.06939003616571426, 0.31960704922676086, 0.24837684631347656, -0.012492330744862556, -0.18403613567352295, -0.4392891526222229, -0.1470845490694046, 0.6030207276344299, -0.3963387608528137, 0.1997569054365158, -0.33188560605049133, -0.1552019715309143, 0.5221884250640869, -0.37081044912338257, -0.22390174865722656, 0.45887550711631775, -0.6958869099617004, 0.600013256072998, 0.774442195892334, -0.7173778414726257, 0.4981703460216522, -0.0892569050192833, 0.4356032907962799, -0.07113009691238403, -0.4066084325313568, -0.5876359343528748, -0.013265270739793777, 0.19005100429058075, -0.7056682109832764, 0.6354230046272278, -0.34733718633651733, 0.4968801438808441, 0.15344029664993286, 0.32507428526878357, 0.45558562874794006, -0.03890806809067726, -0.03125833347439766, 0.3070891499519348, 0.19492480158805847, -0.8756902813911438, -0.809775710105896, 0.10894904285669327, -0.06756189465522766, -0.12946966290473938, 0.5435368418693542, -0.7060418725013733, -0.2955510914325714, 0.03331972286105156, 0.2768416106700897, -0.487052321434021, 0.2632780075073242, -0.7677232623100281, 0.6762248873710632, 0.1986103504896164, -0.017370663583278656, 0.4744092524051666, 0.07315731048583984, 0.03818785399198532, 0.58575838804245, 0.482540488243103, 0.5156762003898621, -0.7716544270515442, -0.28138279914855957, 0.06140405312180519, -0.4236348271369934, 0.2611091136932373, -0.08363984525203705, 0.2607352137565613, 0.5411019921302795, 0.5107154250144958, 0.094629667699337, -0.2360786348581314, 0.4222850799560547, -0.914617657661438, -0.5141742825508118, -0.5977007746696472, -0.8437839150428772, 0.27106329798698425, -0.022351667284965515, -0.5500166416168213, 0.10455546528100967, 0.7143195271492004, -0.5364237427711487, -0.2650268077850342, 0.32160043716430664, 0.13989168405532837, -0.15205925703048706, 0.38435325026512146, 0.7135866284370422, 0.38668951392173767, -0.034912120550870895, 0.5800202488899231, -0.8437419533729553, -0.734043538570404, -0.44562917947769165, 0.06990186870098114, -0.5265437960624695, -0.16839587688446045, 0.0638013482093811, 0.472324937582016, 0.24398793280124664, 0.2655768394470215, 0.6091373562812805, -0.7866054177284241, -0.10012376308441162, -0.06482193619012833, -0.2581862807273865, -0.8746287822723389, 0.5356936454772949, 0.8212409019470215, 0.1396321803331375, 0.3718298375606537, -0.43251147866249084, -0.3759838342666626, 0.6117063164710999, 0.1920284926891327, 0.0157710500061512, -0.4909837543964386, 0.5093807578086853, 0.33779725432395935, 0.6470935940742493, -0.14323420822620392, -0.047120898962020874, 0.21246543526649475, 0.23777998983860016, 0.1939649134874344, 0.7013766169548035, 0.17318075895309448, -0.778708815574646, 0.1177569180727005, 0.7888609766960144, -0.6973227858543396, -0.4725817143917084, 0.12913624942302704, -0.7051064968109131, 0.41730135679244995, 0.20664240419864655, 0.2797175943851471, -0.6307174563407898, -0.7891795635223389, 0.2411445528268814, -0.1297476887702942, -0.3899904787540436, -0.013923372142016888, -0.39086422324180603, -0.044497087597846985, 0.3002302050590515, -0.21981143951416016, -0.5178014636039734, 0.016080178320407867, -0.7265158295631409, 0.10326983034610748, 0.5131649971008301, 0.6794638633728027, 0.5411216020584106, 0.3131503164768219, -0.9011785387992859, 0.47945860028266907, -0.319507360458374, -0.4777071475982666, -0.13473723828792572, -0.002167400671169162, -0.6676065325737, 0.40869417786598206, 0.6009201407432556, -0.9031897187232971, 0.3132174015045166, -0.2664484679698944, 0.8492414355278015, 0.26837700605392456, -0.2856503427028656, -0.1808174103498459, -0.393165647983551, 0.23016196489334106, -0.07814921438694, 0.0857258141040802, 0.14624376595020294, 0.7243512868881226, -0.783927857875824, 0.38376742601394653, -0.5547242164611816, -0.004594225436449051, 0.17018942534923553, 0.3577001690864563, -0.08031284064054489, -0.36394667625427246, 0.808575451374054, 0.09427215158939362, 0.18448445200920105, -0.5912314057350159, -0.01893562637269497, -0.2563394606113434, -0.07368184626102448, -0.5028240084648132, 0.663215160369873, -0.14347103238105774, 0.8674784302711487, 0.4221024811267853, 0.2788327932357788, -0.4637569487094879, -0.11590006202459335, 0.7505508065223694, 0.10353194177150726, 0.7070205807685852, -0.22154562175273895, 0.21845491230487823, 0.44740259647369385, 0.19448904693126678, 0.4587574005126953, 0.24182164669036865, 0.19765238463878632, -0.03682669252157211, -0.561914324760437, 0.39768755435943604, 0.48439446091651917, -0.14315032958984375, -0.8593780398368835, -0.029643485322594643, 0.2871655523777008, -0.07436054199934006, -0.003926591016352177, -0.5812423825263977, 0.8472464680671692, -0.1003388836979866, 0.5420583486557007, 0.6076874732971191, 0.32046058773994446, 0.009658384136855602], "seq_length": 38, "label": 129}