{"angle": 342, "embeddings": [0.4883769452571869, 0.5992355346679688, 0.5477324724197388, -0.10858407616615295, -0.11728549003601074, -0.45146697759628296, 0.977803647518158, -0.689405620098114, -0.9534441828727722, -0.7079793810844421, 0.5122323036193848, -0.836472749710083, 0.9717612862586975, -0.8592654466629028, 0.6259576082229614, 0.5341090559959412, 0.318459153175354, 0.4048009216785431, -0.609853982925415, -0.578064501285553, -0.14539110660552979, -0.1192263513803482, -0.7755066752433777, 0.4607928693294525, -0.7235845923423767, 0.5260282158851624, -0.298717200756073, -0.4326559901237488, -0.11727012693881989, -0.40809518098831177, -0.6624935865402222, 0.5040101408958435, 0.6935412287712097, -0.9682843685150146, 0.061875954270362854, 0.33985525369644165, -0.5177890062332153, 0.038556233048439026, 0.8375738263130188, 0.5481457114219666, -0.3589034676551819, -0.43929001688957214, -0.0894419476389885, -0.34632205963134766, -0.13175886869430542, 0.8813281655311584, 0.745439350605011, -0.49522262811660767, 0.021317780017852783, 0.20992273092269897, -0.5512974262237549, 0.5547688007354736, 0.9219216108322144, -0.45297303795814514, 0.7090089321136475, -0.6684072017669678, -0.6711360216140747, 0.24186640977859497, 0.8685943484306335, 0.5932378768920898, -0.7705473899841309, -0.3828985393047333, 0.5807355046272278, 0.9087508320808411, 0.7779805660247803, 0.8791679739952087, -0.32455918192863464, -0.8925003409385681, -0.09932561963796616, 0.767471969127655, -0.8247330188751221, 0.5497451424598694, 0.5533246994018555, -0.6857101917266846, 0.423421174287796, 0.3295438587665558, -0.11604951322078705, 0.9120169878005981, 0.8016127347946167, -0.028615858405828476, 0.8102095723152161, 0.38467156887054443, -0.9236061573028564, 0.37585771083831787, 0.6324347853660583, 0.8685144186019897, 0.20255139470100403, -0.696826696395874, 0.060487695038318634, -0.8575389385223389, -0.8510692119598389, -0.6421581506729126, -0.9829153418540955, 0.7169269919395447, 0.7048583626747131, -0.7084704637527466, 0.8078476786613464, -0.31266629695892334, 0.2747577428817749, -0.17488057911396027, 0.6572803854942322, -0.8216807246208191, -0.09534619748592377, -0.5268135666847229, -0.32991090416908264, 0.06887343525886536, 0.7739975452423096, 0.4144671559333801, 0.7781948447227478, 0.21190015971660614, 0.03247026354074478, -0.6015840172767639, 0.14909577369689941, 0.4389428496360779, -0.7311114072799683, 0.05697931721806526, 0.38393858075141907, 0.8881499767303467, -0.35110270977020264, 0.1397458165884018, -0.1840393841266632, 0.02995007485151291, 0.27545037865638733, 0.2547842562198639, 0.3752458989620209, -0.4585403800010681, 0.8220469951629639, 0.24717998504638672, -0.4034286141395569, 0.6163572669029236, 0.1485622525215149, -0.6848862767219543, -0.8191609978675842, -0.4026193618774414, -0.8471053242683411, -0.16597135365009308, -0.588714599609375, 0.9315613508224487, 0.32965946197509766, 0.7318007349967957, -0.7070508599281311, -0.3909326493740082, 0.22144284844398499, -0.21948768198490143, 0.09033015370368958, -0.8077915906906128, 0.8625383377075195, -0.1621345728635788, 0.3823712170124054, -0.020923389121890068, -0.6591119766235352, -0.8520230054855347, 0.17832770943641663, 0.46954599022865295, 0.8835049867630005, 0.81076979637146, -0.204790860414505, 0.270769327878952, 0.6260876059532166, -0.6905200481414795, 0.5756136775016785, -0.6101105213165283, 0.6074952483177185, 0.06066164746880531, 0.3328973650932312, 0.7776361107826233, 0.1693384051322937, 0.16999849677085876, 0.9507277011871338, 0.34847790002822876, 0.3864496946334839, -0.7385480999946594, -0.15783420205116272, 0.4530072808265686, 0.12272854894399643, -0.6911680698394775, -0.11606400460004807, -0.7569735646247864, -0.9350481033325195, -0.12873846292495728, -0.3418900668621063, -0.22952774167060852, 0.39235422015190125, 0.951217532157898, -0.7317414879798889, -0.1397084891796112, -0.03910373896360397, -0.2195962369441986, -0.6353600025177002, 0.7119554877281189, -0.780513346195221, -0.4852251410484314, -0.7449673414230347, -0.6654009819030762, -0.02758193016052246, -0.5057541131973267, 0.30456992983818054, -0.16594833135604858, 0.8370134830474854, 0.6090172529220581, -0.8583354949951172, 0.3421509563922882, -0.4421124756336212, -0.10129113495349884, 0.2895313501358032, 0.41549941897392273, -0.8589199781417847, 0.554222822189331, -0.37850221991539, 0.7571327686309814, 0.8944911956787109, 0.038214270025491714, -0.10882238298654556, -0.5563002824783325, 0.839914083480835, -0.18260854482650757, 0.7673401236534119, 0.0765860304236412, 0.46071162819862366, 0.15803773701190948, -0.7961603999137878, -0.36999741196632385, 0.15380793809890747, -0.10219191014766693, 0.30892401933670044, -0.8858144283294678, -0.20065869390964508, 0.1981462687253952, -0.9300975799560547, 0.02835673838853836, 0.48417696356773376, -0.4717761278152466, -0.9670467376708984, -0.24852275848388672, 0.8678107857704163, -0.28953883051872253, 0.5751566290855408, -0.18295513093471527, 0.11108437925577164, -0.3294254243373871, -0.07121732831001282, 0.8997684121131897, -0.4369471073150635, 0.09033174067735672, -0.7502333521842957, -0.4361906349658966, -0.31091630458831787, -0.42663657665252686, -0.5769240260124207, 0.5333280563354492, -0.41683074831962585, 0.8391228318214417, -0.16333383321762085, 0.03760971128940582, -0.20697839558124542, 0.2166418731212616], "seq_length": 72, "label": 129}