{"angle": 216, "embeddings": [0.5888869762420654, 0.7764042615890503, 0.718367338180542, -0.2532596290111542, -0.6462836861610413, -0.2687811255455017, 0.9743319749832153, -0.4300743639469147, -0.8663070797920227, -0.6434661746025085, 0.48343464732170105, -0.6536792516708374, 0.9184789657592773, -0.7308846116065979, 0.5298343300819397, 0.7116482853889465, 0.20096167922019958, 0.6085503697395325, -0.6682368516921997, -0.6234918832778931, 0.5460306406021118, 0.48719367384910583, -0.892659068107605, 0.5758216977119446, -0.7686454057693481, 0.8482605218887329, -0.06322439759969711, -0.566030740737915, -0.29550060629844666, 0.09146156162023544, -0.7805227637290955, 0.6493503451347351, 0.6165971755981445, -0.9097532033920288, -0.10909633338451385, 0.7256165146827698, -0.020393915474414825, 0.13245758414268494, 0.6792828440666199, -0.16562962532043457, 0.09783811122179031, -0.31614452600479126, -0.16597357392311096, -0.47238150238990784, -0.1957220882177353, 0.892531156539917, 0.8612635731697083, -0.30258917808532715, 0.6326345801353455, 0.03773488476872444, -0.7084519863128662, 0.04951798543334007, 0.7216339111328125, -0.6511639952659607, 0.8867782354354858, 0.06816648691892624, -0.8495774269104004, -0.009114080108702183, 0.9509656429290771, 0.7707730531692505, -0.738317608833313, 0.24707502126693726, 0.6640129089355469, 0.8701679706573486, 0.7195156812667847, 0.968158483505249, -0.12378029525279999, -0.9206398725509644, 0.07583610713481903, 0.8148874044418335, -0.3467230498790741, 0.20452597737312317, 0.36831194162368774, -0.6994445323944092, 0.6634449362754822, 0.5740236639976501, -0.04440762475132942, 0.9020407795906067, 0.8608294129371643, -0.00536946440115571, 0.8951530456542969, 0.5520454049110413, -0.8449966311454773, 0.12915967404842377, 0.3585256040096283, 0.6142734289169312, 0.18639838695526123, -0.02730443701148033, 0.7216895222663879, -0.9524627923965454, -0.8996017575263977, -0.3172774612903595, -0.9429959654808044, 0.6658220887184143, 0.8203572630882263, -0.8327252864837646, 0.5445889830589294, 0.13882169127464294, 0.16308431327342987, -0.1172928586602211, 0.8278169631958008, -0.5345934629440308, -0.3678843379020691, -0.5202447772026062, -0.551336407661438, 0.5677032470703125, 0.6554043292999268, -0.1364140808582306, 0.6420295238494873, 0.48539578914642334, -0.2518323063850403, -0.7301771640777588, -0.24111175537109375, 0.12050049751996994, -0.7250251173973083, 0.04190560430288315, 0.7615902423858643, 0.8100047707557678, -0.3882547914981842, 0.44492873549461365, -0.46418464183807373, -0.4106437861919403, 0.2520958185195923, -0.11970731616020203, 0.2831840515136719, -0.8395483493804932, 0.6275871396064758, 0.027181170880794525, -0.3418022394180298, 0.65301114320755, 0.14392203092575073, -0.6627545952796936, -0.7050561904907227, -0.22303515672683716, -0.8790306448936462, -0.4586143493652344, -0.6146851778030396, 0.8349204659461975, 0.14539840817451477, 0.847857654094696, -0.8174532651901245, -0.47034159302711487, -0.1025114506483078, -0.010213987901806831, -0.4638388156890869, -0.9076117873191833, 0.7990365624427795, 0.1596350371837616, 0.6229491829872131, 0.05504964664578438, -0.7781006693840027, -0.6781647801399231, -0.3711223602294922, 0.5706971287727356, 0.8687580823898315, 0.7924253940582275, -0.3374776542186737, 0.11918570846319199, 0.5889872312545776, -0.8540073037147522, 0.2856341004371643, -0.28283464908599854, 0.6434317827224731, 0.20725099742412567, 0.4309288561344147, 0.9167931079864502, 0.35913383960723877, -0.4255015552043915, 0.8209142684936523, 0.0021378956735134125, 0.12003406137228012, -0.5461703538894653, -0.10137686133384705, 0.41928914189338684, 0.21066796779632568, -0.2812913656234741, -0.526102602481842, -0.5000600814819336, -0.6738331913948059, -0.596950113773346, -0.39759424328804016, -0.3471660017967224, -0.04909507930278778, 0.8182269334793091, -0.7744833827018738, 0.050186701118946075, 0.06569933146238327, -0.6762292385101318, -0.358306348323822, 0.04789276793599129, -0.6634002327919006, -0.7707139253616333, -0.7551028728485107, -0.3414789140224457, 0.4279021620750427, -0.36869269609451294, 0.6588112711906433, -0.17887021601200104, 0.42042872309684753, 0.697842538356781, -0.6827605962753296, 0.15436981618404388, -0.3957899212837219, -0.20721104741096497, 0.5633329153060913, 0.7833524346351624, -0.9791244268417358, 0.7228873372077942, 0.04912601783871651, 0.7928034663200378, 0.8062297105789185, 0.22633858025074005, -0.5631851553916931, -0.38230928778648376, 0.8373122811317444, -0.3642446994781494, 0.842582106590271, 0.40184035897254944, 0.06101069226861, -0.33994606137275696, -0.7647728323936462, -0.36187008023262024, 0.1070513129234314, 0.2915930151939392, 0.8366503715515137, -0.34890633821487427, -0.6353466510772705, -0.300251305103302, -0.644973874092102, 0.5521424412727356, 0.6779761910438538, -0.4270297586917877, -0.8248763084411621, 0.05088536813855171, 0.9020626544952393, 0.12898099422454834, 0.7310212254524231, 0.1341342329978943, 0.3019406199455261, -0.32782185077667236, -0.052313219755887985, 0.8256295323371887, 0.28837111592292786, 0.7771233320236206, -0.6192513108253479, -0.5114918351173401, 0.14634057879447937, -0.06592874228954315, -0.43285197019577026, 0.625148355960846, 0.3246919512748718, 0.3482789099216461, -0.06514889001846313, 0.36701029539108276, -0.08059757202863693, 0.280109167098999], "seq_length": 63, "label": 129}