{"angle": 36, "embeddings": [-0.6664884090423584, 0.21819746494293213, 0.08671431988477707, 0.7040721774101257, -0.7073763012886047, -0.46217235922813416, 0.9615150690078735, -0.7142530679702759, -0.6480883955955505, -0.7604054808616638, -0.5784435272216797, -0.47483524680137634, 0.9679254293441772, -0.7708182334899902, 0.8196661472320557, -0.10812518745660782, 0.7628999948501587, 0.6825923919677734, -0.9397274851799011, 0.21073032915592194, 0.6983821392059326, -0.36075738072395325, -0.9050046801567078, 0.955180287361145, -0.8560815453529358, -0.26901641488075256, -0.7709848284721375, -0.7504124045372009, -0.39531490206718445, 0.2817727327346802, -0.6958034038543701, -0.5868110060691833, 0.907795250415802, -0.7688480615615845, 0.001903310650959611, 0.554015040397644, -0.647672712802887, 0.6480057239532471, 0.6803486347198486, -0.6988472938537598, -0.4069848954677582, -0.9194367527961731, 0.6198737025260925, 0.5532464981079102, -0.1506195068359375, 0.8604137301445007, 0.6742516756057739, -0.344685435295105, 0.5309333205223083, 0.1947076916694641, -0.656710147857666, -0.1299702376127243, 0.80864417552948, -0.8393532037734985, 0.6186846494674683, -0.6876531839370728, 0.17306703329086304, 0.18161755800247192, 0.5223119854927063, 0.2509279251098633, -0.9241470694541931, -0.40295568108558655, 0.4676958918571472, 0.8918483257293701, 0.42319345474243164, 0.6265596151351929, -0.09579592943191528, -0.4623824656009674, -0.3369470238685608, 0.38636550307273865, -0.7759785652160645, 0.7269216775894165, -0.2100781351327896, 0.4784810543060303, 0.40312838554382324, 0.8097075819969177, 0.4014098346233368, 0.9647908210754395, 0.41507333517074585, -0.12414441257715225, 0.9315509796142578, -0.1272510290145874, -0.9657934308052063, 0.4301812946796417, 0.28624290227890015, 0.540752112865448, 0.2768729329109192, -0.09180699288845062, 0.5565711855888367, -0.9572833776473999, -0.5357177257537842, -0.2949642539024353, -0.9748584032058716, 0.7074540257453918, 0.9806532263755798, -0.9799402952194214, 0.5836806893348694, 0.4151036739349365, 0.11671796441078186, -0.24245034158229828, 0.8033434748649597, -0.4558785855770111, -0.3713968098163605, -0.3751733899116516, 0.19273163378238678, 0.5040711164474487, 0.9459890127182007, 0.2906058728694916, 0.908913254737854, 0.047216664999723434, -0.23679940402507782, -0.8487569689750671, -0.5534193515777588, -0.5858427882194519, -0.891954779624939, -0.006519993767142296, 0.2536398768424988, 0.9107639789581299, -0.4790862500667572, 0.019226636737585068, -0.9433263540267944, -0.19300159811973572, -0.7579309344291687, -0.2263340950012207, 0.45737311244010925, -0.9589536190032959, -0.10305003821849823, -0.08237260580062866, 0.0763593390583992, 0.4430564343929291, -0.8932099342346191, 0.1680680811405182, -0.7510148286819458, -0.36058616638183594, -0.9050133228302002, -0.5276939868927002, -0.5079004168510437, 0.9056646227836609, -0.4726974070072174, 0.6662690043449402, -0.721793532371521, -0.12758229672908783, -0.539639413356781, 0.15057848393917084, -0.7810434103012085, -0.6731134653091431, 0.9310030341148376, 0.0033194697462022305, 0.6310174465179443, -0.03631691634654999, -0.911717414855957, -0.17415851354599, -0.3245660960674286, -0.3144063949584961, 0.653046190738678, 0.6808085441589355, -0.3637494444847107, 0.8198534846305847, 0.9599659442901611, -0.93891441822052, 0.4456799030303955, -0.32480672001838684, 0.274434894323349, 0.5785464644432068, 0.289261132478714, 0.6369683742523193, 0.3273220360279083, -0.7116670608520508, 0.7133035659790039, 0.2402876317501068, 0.5258736610412598, -0.3349333703517914, 0.42369991540908813, 0.3963905870914459, -0.20051927864551544, -0.23753592371940613, -0.9520475268363953, -0.8295783400535583, -0.8919738531112671, -0.41603702306747437, -0.026997096836566925, -0.440891295671463, -0.22322160005569458, 0.7607756853103638, -0.8627210259437561, 0.9157657027244568, -0.10765004903078079, 0.1199449822306633, -0.5556781888008118, -0.6907333731651306, -0.7593100070953369, -0.9469509124755859, -0.9273090362548828, -0.9168655276298523, 0.3937883675098419, -0.2756374478340149, 0.7814570069313049, -0.10481546819210052, 0.9096481204032898, 0.2652103900909424, -0.5378502607345581, -0.07870578020811081, -0.7280663251876831, 0.09462737292051315, 0.3415667414665222, 0.3350934386253357, -0.9369158744812012, 0.9552438259124756, -0.14130881428718567, 0.6879633665084839, 0.9334781169891357, 0.30896514654159546, -0.6968897581100464, -0.6077675819396973, 0.7413972020149231, 0.5842857956886292, 0.2401660829782486, -0.18705110251903534, 0.09869474917650223, -0.5119944214820862, -0.207098126411438, -0.5440523028373718, -0.07500679790973663, 0.4756501615047455, 0.5597344636917114, -0.7194295525550842, -0.9009236693382263, -0.6482529640197754, -0.9130750894546509, 0.31184524297714233, 0.2332959920167923, 0.16278216242790222, -0.9673961997032166, -0.21356548368930817, 0.6887112855911255, -0.3902656137943268, 0.9467488527297974, -0.20825529098510742, 0.06295426189899445, -0.09206827729940414, -0.2657715678215027, 0.7164865732192993, -0.19347168505191803, -0.34870684146881104, -0.9261587262153625, -0.3541930913925171, 0.40872398018836975, -0.6005544066429138, -0.2547299861907959, -0.09219320863485336, 0.38942137360572815, 0.4029722213745117, 0.19771112501621246, 0.6990484595298767, 0.0932382270693779, 0.0300182793289423], "seq_length": 67, "label": 129}