{"angle": 90, "embeddings": [-0.546562135219574, 0.6573094129562378, 0.25592824816703796, 0.08892099559307098, -0.6013622283935547, -0.27200356125831604, 0.7504100799560547, -0.3881877362728119, -0.5029605031013489, -0.5460007190704346, -0.16227956116199493, -0.3874562382698059, 0.9388225078582764, -0.8318268656730652, 0.7814275026321411, -0.006728921551257372, 0.2770087420940399, 0.6245306730270386, -0.7227067351341248, 0.027577310800552368, 0.626032829284668, 0.13894708454608917, -0.8450934290885925, 0.31885212659835815, -0.8564398884773254, 0.3614112436771393, -0.2730860710144043, -0.3440648019313812, -0.18098831176757812, 0.0790308341383934, -0.4330287575721741, -0.6279953122138977, 0.5496788024902344, -0.7882333397865295, -0.5319396257400513, 0.5317420363426208, -0.6302595138549805, 0.23193444311618805, 0.8127061128616333, -0.4551313519477844, -0.5335472226142883, -0.8354604244232178, 0.6198812127113342, 0.4776296317577362, -0.2609241306781769, 0.21088023483753204, 0.5170299410820007, -0.4929773509502411, 0.5368168950080872, 0.3545988202095032, -0.4640671908855438, -0.026273440569639206, 0.6594657897949219, -0.5597875118255615, 0.4530757665634155, -0.5896508693695068, -0.13331374526023865, 0.3039924204349518, 0.23581689596176147, 0.3225359320640564, -0.7330840229988098, 0.0865245908498764, 0.3606429696083069, 0.6572964191436768, 0.27755802869796753, 0.5282353758811951, -0.05606282129883766, -0.44468143582344055, -0.09442609548568726, 0.2030036449432373, -0.7983247637748718, 0.3161473274230957, 0.5013378262519836, 0.015346433036029339, -0.07318045198917389, 0.4012640714645386, 0.6701010465621948, 0.6197819709777832, 0.2651307284832001, -0.0911562442779541, 0.6205192804336548, -0.3292482793331146, -0.901151180267334, 0.5234278440475464, 0.012337909080088139, 0.6641042232513428, -0.14782127737998962, 0.10102806985378265, 0.5391569137573242, -0.8651044368743896, -0.3943651020526886, -0.39964786171913147, -0.9262895584106445, 0.6948407888412476, 0.8929815888404846, -0.7481716871261597, 0.4868263304233551, 0.40584149956703186, 0.05800192803144455, 0.11597192287445068, 0.3618388772010803, -0.45752519369125366, -0.5209493637084961, -0.721046507358551, -0.1326347440481186, 0.2006695568561554, 0.817189633846283, -0.1298709362745285, 0.5785571932792664, 0.2988097071647644, -0.19638238847255707, -0.7175189256668091, -0.05782550573348999, -0.1870601326227188, -0.6341879963874817, 0.26196208596229553, 0.5985919833183289, 0.8842563033103943, 0.16332803666591644, 0.4043850898742676, -0.8625144958496094, -0.6233962178230286, -0.4839836657047272, -0.030500033870339394, 0.06601301580667496, -0.9065377116203308, -0.24608772993087769, -0.5766006112098694, 0.3471100926399231, 0.4181981086730957, -0.31025275588035583, -0.023868240416049957, -0.3477001488208771, -0.05298341438174248, -0.8690798878669739, -0.6149454712867737, -0.11621110141277313, 0.7351948618888855, -0.1100524365901947, 0.1990124136209488, -0.38182687759399414, -0.018135499209165573, -0.4246325194835663, -0.06444824486970901, -0.7328610420227051, -0.5995519757270813, 0.7048431634902954, 0.4549899399280548, 0.5956588983535767, -0.15390610694885254, -0.7756642699241638, -0.10264097154140472, 0.41917383670806885, -0.09580013900995255, 0.6923701167106628, 0.4347117841243744, -0.5484757423400879, 0.6395606994628906, 0.8516423106193542, -0.8877601623535156, 0.506165087223053, -0.5219110250473022, 0.38495388627052307, 0.6037629842758179, 0.04179950803518295, 0.5399746894836426, -0.02590852789580822, -0.37970036268234253, 0.5606458187103271, 0.24306067824363708, 0.5239685773849487, -0.17306505143642426, 0.5497709512710571, 0.17467975616455078, -0.15008848905563354, -0.2635299563407898, -0.716845691204071, -0.41946646571159363, -0.9492403268814087, -0.45317554473876953, 0.003466010093688965, -0.15955473482608795, 0.33542323112487793, 0.6563856601715088, -0.8265332579612732, 0.7963659763336182, -0.06371395289897919, -0.016370739787817, -0.5111573338508606, -0.5411583781242371, -0.7649998068809509, -0.4523733854293823, -0.7674046754837036, -0.9518879652023315, 0.4215785562992096, -0.5031003952026367, 0.6228939294815063, 0.42063260078430176, 0.48058009147644043, 0.01494209747761488, -0.2903081178665161, -0.021937448531389236, -0.626882791519165, 0.29485172033309937, 0.07664477825164795, 0.462760865688324, -0.8976156711578369, 0.8351694941520691, 0.07588700205087662, 0.28853872418403625, 0.8212530612945557, 0.14796338975429535, -0.7586712837219238, -0.5766681432723999, 0.41167324781417847, 0.04013431444764137, 0.06153583526611328, -0.352846622467041, 0.42519235610961914, -0.4711785316467285, -0.17154847085475922, -0.588785707950592, 0.3515755832195282, 0.17396336793899536, 0.42813143134117126, -0.15409556031227112, -0.6913537383079529, -0.5816885828971863, -0.2997266352176666, 0.6546170115470886, 0.3523491322994232, 0.2733919024467468, -0.9107421636581421, 0.33147692680358887, 0.6910388469696045, -0.1271040439605713, 0.8931970596313477, 0.2054927498102188, 0.12407534569501877, -0.3584396243095398, -0.47173336148262024, -0.1510295271873474, -0.2350294440984726, 0.08617611229419708, -0.6662859320640564, 0.014471081085503101, 0.10668129473924637, -0.41099831461906433, -0.3227587640285492, -0.21062588691711426, 0.35968273878097534, 0.27888134121894836, 0.336480975151062, 0.22875022888183594, -0.032494351267814636, 0.00470335129648447], "seq_length": 35, "label": 129}