{"angle": 54, "embeddings": [-0.5809633135795593, 0.7603557705879211, 0.07612401992082596, 0.5008437633514404, -0.35382989048957825, -0.4966808259487152, 0.9008346199989319, -0.49361616373062134, -0.8391689658164978, -0.6160502433776855, -0.2802474796772003, -0.48870131373405457, 0.9601333737373352, -0.7643662691116333, 0.8030599355697632, 0.18680116534233093, 0.7430654168128967, 0.5321733951568604, -0.8828179240226746, 0.07663411647081375, 0.42528900504112244, -0.5500246286392212, -0.9071038961410522, 0.9064197540283203, -0.797034740447998, 0.27648910880088806, -0.6611155867576599, -0.6219035983085632, -0.3286866545677185, 0.32510414719581604, -0.49701932072639465, -0.3888985812664032, 0.8250126838684082, -0.8774843811988831, -0.40815797448158264, 0.6987670063972473, -0.6879593729972839, 0.4417719542980194, 0.736343502998352, -0.4663503170013428, -0.27101269364356995, -0.9117748737335205, 0.4483105540275574, 0.37252068519592285, -0.10891685634851456, 0.5069485902786255, 0.42435353994369507, -0.44559794664382935, 0.6816245913505554, 0.35620877146720886, -0.723869800567627, -0.10180893540382385, 0.8201193809509277, -0.47802281379699707, 0.617077112197876, -0.46716755628585815, 0.07029043883085251, -0.017492495477199554, 0.7448605895042419, 0.14567922055721283, -0.8676841855049133, -0.5121132135391235, 0.4378572404384613, 0.8559555411338806, 0.40972810983657837, 0.6102829575538635, -0.29781508445739746, -0.5374873280525208, -0.20659823715686798, 0.5504364967346191, -0.7606569528579712, 0.5837087035179138, 0.022008845582604408, 0.5018308758735657, 0.10995054244995117, 0.6683276891708374, 0.46636873483657837, 0.9292875528335571, 0.37519702315330505, 0.004725265316665173, 0.6093174815177917, 0.012566077522933483, -0.9093620777130127, 0.3293311595916748, 0.3657304346561432, 0.5333784222602844, -0.0794723629951477, -0.1574438065290451, 0.43184030055999756, -0.8963335752487183, -0.7014287710189819, -0.482959508895874, -0.9487962126731873, 0.5643455982208252, 0.9382322430610657, -0.9180741310119629, 0.552361786365509, 0.16243058443069458, 0.09303015470504761, -0.07241522520780563, 0.6863105893135071, -0.2132333666086197, -0.3891291320323944, -0.47314777970314026, 0.11576998978853226, 0.4104655981063843, 0.9401450157165527, 0.5258603096008301, 0.9029215574264526, -0.03658383712172508, -0.12555475533008575, -0.7192627787590027, -0.2346242070198059, -0.37631872296333313, -0.8577919006347656, 0.01606113649904728, 0.21966736018657684, 0.9109290242195129, -0.14220669865608215, -0.12539038062095642, -0.8301286101341248, -0.0171035286039114, -0.5351682305335999, -0.13998152315616608, 0.4454587996006012, -0.9369483590126038, 0.3826315104961395, -0.20381571352481842, -0.09557060897350311, 0.4079889953136444, -0.7509181499481201, 0.21344240009784698, -0.5165332555770874, 0.020940901711583138, -0.9025168418884277, -0.40954795479774475, -0.3789089620113373, 0.8189103007316589, -0.11143908649682999, 0.6594034433364868, -0.7214219570159912, 0.08873171359300613, -0.35379350185394287, -0.13203129172325134, -0.7971110939979553, -0.6232205033302307, 0.7950051426887512, 0.46916574239730835, 0.8134390115737915, -0.03927813097834587, -0.818191409111023, -0.32940995693206787, -0.5586525201797485, -0.07442444562911987, 0.8288772702217102, 0.6668995022773743, -0.20307570695877075, 0.8153085708618164, 0.9231648445129395, -0.8871946930885315, 0.473899245262146, -0.43169793486595154, 0.44732484221458435, 0.5024771690368652, 0.11754122376441956, 0.6687180399894714, 0.4632806181907654, -0.18675705790519714, 0.8529924154281616, 0.254031777381897, 0.5241780281066895, -0.30169999599456787, 0.5850630402565002, -0.12268072366714478, -0.39420655369758606, -0.3887682259082794, -0.774240255355835, -0.7996777892112732, -0.8714244365692139, -0.5522409081459045, -0.32597461342811584, 0.04490610957145691, -0.20130489766597748, 0.7917003631591797, -0.6965694427490234, 0.8500634431838989, 0.1623048335313797, 0.1911250501871109, -0.4704205393791199, -0.6036098599433899, -0.7918813824653625, -0.7270300984382629, -0.948442280292511, -0.9262893199920654, 0.43721911311149597, -0.5393309593200684, 0.3381683826446533, -0.42896008491516113, 0.8335342407226562, 0.4249444305896759, -0.4175199568271637, -0.3158596158027649, -0.6868767738342285, 0.07479406893253326, 0.22544559836387634, 0.38590359687805176, -0.8129860758781433, 0.9191310405731201, -0.20290051400661469, 0.32600873708724976, 0.8443136811256409, 0.19227643311023712, -0.30562204122543335, -0.5917665362358093, 0.7213937044143677, 0.35504263639450073, 0.1288612335920334, -0.3668214976787567, -0.044088155031204224, -0.39143529534339905, -0.05075770989060402, -0.6021544933319092, -0.10392342507839203, 0.02586759440600872, 0.25686123967170715, -0.6736792922019958, -0.8853681683540344, -0.3655778765678406, -0.7988939881324768, 0.3250369727611542, 0.16134046018123627, 0.12292744219303131, -0.9454125761985779, -0.1719874143600464, 0.6844200491905212, -0.265381783246994, 0.9334317445755005, -0.07089273631572723, 0.12685199081897736, -0.4333316385746002, -0.2704344391822815, 0.5305761694908142, -0.5541297197341919, -0.14674940705299377, -0.8676459789276123, -0.3436388075351715, 0.2295622080564499, -0.39530301094055176, -0.2631881535053253, -0.08286813646554947, 0.1449825018644333, 0.2703667879104614, 0.2670106291770935, 0.4466411769390106, -0.09041077643632889, -0.15565261244773865], "seq_length": 38, "label": 129}