{"angle": 342, "embeddings": [0.6286740899085999, 0.6898616552352905, 0.5669611096382141, 0.45228803157806396, -0.2603335678577423, -0.21840964257717133, 0.9697808623313904, -0.6751859188079834, -0.9729369282722473, -0.7980704307556152, 0.4023119807243347, -0.8414579033851624, 0.9363718628883362, -0.919457197189331, 0.5500245690345764, 0.5594598650932312, 0.1404675394296646, 0.6570164561271667, -0.4358190596103668, -0.6614809036254883, -0.19560745358467102, -0.21028387546539307, -0.8275116086006165, 0.10924265533685684, -0.7364330887794495, 0.7071961164474487, -0.2579469382762909, -0.401869535446167, -0.24677839875221252, -0.4793417155742645, -0.6552815437316895, 0.3630557060241699, 0.6121624112129211, -0.9141138792037964, -0.12786328792572021, 0.36270204186439514, 0.05355680361390114, -0.053029268980026245, 0.8056537508964539, 0.6183643937110901, -0.5651720762252808, -0.2782962918281555, -0.19335591793060303, -0.4390881359577179, 0.06392915546894073, 0.8875261545181274, 0.7734886407852173, -0.49760937690734863, 0.12566819787025452, -0.06538262218236923, -0.30585044622421265, 0.33402901887893677, 0.9310315847396851, -0.678838849067688, 0.8878582119941711, -0.6040085554122925, -0.6200125813484192, -0.44240763783454895, 0.8325225114822388, 0.5849060416221619, -0.8216003179550171, -0.2003023475408554, 0.6210675835609436, 0.8479874134063721, 0.8673447370529175, 0.947890043258667, -0.2128780335187912, -0.864600658416748, -0.1524418443441391, 0.8330633640289307, -0.9411045908927917, 0.4719729423522949, 0.7147161364555359, -0.5993270874023438, 0.5851626992225647, 0.3584398627281189, -0.19967715442180634, 0.7930147647857666, 0.9274833798408508, -0.055038146674633026, 0.917799174785614, 0.46696221828460693, -0.9630012512207031, 0.4903695285320282, 0.8158047795295715, 0.7908047437667847, 0.12415306270122528, -0.08907625824213028, 0.29050567746162415, -0.8887163996696472, -0.880167543888092, -0.8725235462188721, -0.9792641401290894, 0.8069380521774292, 0.5280610918998718, -0.8267630338668823, 0.8947679996490479, -0.17282645404338837, 0.2614630460739136, -0.24177134037017822, 0.8220229744911194, -0.8355618119239807, 0.07800798863172531, -0.6876054406166077, -0.3984508514404297, 0.16154657304286957, 0.851061224937439, 0.7079556584358215, 0.8498746752738953, -0.16913115978240967, -0.07602503895759583, -0.6730953454971313, 0.042639169842004776, 0.31903523206710815, -0.8283482789993286, -0.03666463494300842, 0.5814476609230042, 0.7402958869934082, -0.2973223328590393, 0.028871959075331688, -0.09143779426813126, 0.02840261720120907, 0.5703056454658508, 0.42322850227355957, 0.32314562797546387, -0.5037814974784851, 0.6875365376472473, 0.2579719126224518, -0.5418211221694946, 0.6347541213035583, 0.22730235755443573, -0.6386266350746155, -0.7713504433631897, -0.22413231432437897, -0.6738008856773376, -0.13481153547763824, -0.5349429845809937, 0.9608502984046936, 0.2391790896654129, 0.7657952308654785, -0.8039613962173462, -0.5833027958869934, 0.3477610647678375, -0.26612767577171326, -0.08743145316839218, -0.8662558794021606, 0.876716673374176, 0.07940857857465744, 0.47290170192718506, 0.020672164857387543, -0.5690271258354187, -0.7823983430862427, 0.2536557912826538, 0.4127177894115448, 0.9448226094245911, 0.827212393283844, -0.025734517723321915, 0.044879961758852005, 0.5748628973960876, -0.7429083585739136, 0.7270169258117676, -0.48361656069755554, 0.801256000995636, 0.1418575793504715, 0.23696115612983704, 0.8999518752098083, 0.2608897387981415, -0.040969088673591614, 0.9550197124481201, 0.3481178879737854, 0.36192160844802856, -0.5988746881484985, -0.18434026837348938, 0.48570626974105835, -0.008057421073317528, -0.7725057005882263, -0.17638492584228516, -0.6130694150924683, -0.9604297280311584, -0.22995112836360931, -0.4075673222541809, -0.17037932574748993, 0.41154745221138, 0.9260806441307068, -0.7290596961975098, 0.3324810862541199, 0.17070043087005615, -0.26228538155555725, -0.6838261485099792, 0.6821008324623108, -0.8757580518722534, -0.30332520604133606, -0.6693430542945862, -0.20965714752674103, 0.06851726025342941, -0.7184897065162659, 0.21371209621429443, -0.08816526085138321, 0.7625437378883362, 0.6115702390670776, -0.8378902077674866, -0.7308467030525208, -0.4106951355934143, 0.08993059396743774, 0.11616632342338562, 0.15818148851394653, -0.7865345478057861, 0.35299184918403625, -0.29211270809173584, 0.38162586092948914, 0.8998124599456787, 0.07839836925268173, 0.04865710437297821, -0.6230989098548889, 0.9018216133117676, 0.0746154710650444, 0.7690964937210083, 0.02783384546637535, 0.3714526295661926, -0.002906924346461892, -0.8936094641685486, -0.5775331854820251, 0.02421446330845356, -0.3251895606517792, 0.3901072144508362, -0.7634838223457336, -0.11712324619293213, -0.016332868486642838, -0.6849573850631714, 0.11444809287786484, 0.5824899077415466, -0.36781254410743713, -0.976733386516571, -0.18511322140693665, 0.89423006772995, -0.45522597432136536, 0.567201554775238, -0.3341791033744812, 0.09312392771244049, -0.041296958923339844, -0.023066824302077293, 0.8105940222740173, -0.47641587257385254, 0.2929617166519165, -0.8759862780570984, -0.35154372453689575, -0.2927868664264679, -0.2528401017189026, -0.6056152582168579, 0.4281500577926636, -0.315804123878479, 0.8269453048706055, -0.10671165585517883, -0.011183551512658596, -0.14925535023212433, 0.4039543867111206], "seq_length": 61, "label": 129}