{"angle": 36, "embeddings": [-0.7253671288490295, 0.37436169385910034, 0.12923254072666168, 0.49004021286964417, -0.6907169818878174, -0.4331912398338318, 0.9498655796051025, -0.6786965727806091, -0.5709904432296753, -0.6089973449707031, -0.48450326919555664, -0.45509594678878784, 0.975777804851532, -0.8253308534622192, 0.8520632982254028, -0.35071295499801636, 0.7557278275489807, 0.7097095251083374, -0.9451991319656372, 0.09296608716249466, 0.7940059900283813, -0.5302025079727173, -0.9286090731620789, 0.9396004676818848, -0.8437055349349976, -0.3408117890357971, -0.8290082812309265, -0.7754249572753906, -0.4304586946964264, 0.26576948165893555, -0.5954752564430237, -0.6254852414131165, 0.8969721794128418, -0.8337515592575073, 0.12512736022472382, 0.476274311542511, -0.7776100039482117, 0.5753576159477234, 0.8085577487945557, -0.702228307723999, -0.29330506920814514, -0.9256839752197266, 0.6462875604629517, 0.7301790714263916, -0.15038838982582092, 0.8966491222381592, 0.7174297571182251, -0.3687731921672821, 0.5903221964836121, 0.30522897839546204, -0.7486152648925781, -0.023631323128938675, 0.8043215274810791, -0.7518020868301392, 0.8088299036026001, -0.6639809608459473, 0.1885875165462494, 0.20580331981182098, 0.7976406812667847, 0.19197705388069153, -0.9451844692230225, -0.38678044080734253, -0.03470735251903534, 0.9004145860671997, 0.19810058176517487, 0.7446392178535461, -0.02386021614074707, -0.6331373453140259, -0.2152288854122162, 0.5895776748657227, -0.8536555767059326, 0.6051747798919678, -0.35275566577911377, 0.4707409143447876, 0.2649124264717102, 0.8202052116394043, 0.5500310063362122, 0.9742971658706665, 0.37952467799186707, -0.12140189111232758, 0.85924232006073, -0.39349785447120667, -0.9678174257278442, 0.46393439173698425, 0.1755024939775467, 0.5193684697151184, 0.12109176814556122, 0.04512961208820343, 0.7258251309394836, -0.9649307727813721, -0.6415232419967651, -0.3457895517349243, -0.9715942740440369, 0.764205813407898, 0.9714206457138062, -0.9686304926872253, 0.5001908540725708, 0.3543910086154938, 0.08605228364467621, 0.0003981590270996094, 0.8604738712310791, -0.4600905478000641, -0.6831939816474915, -0.4298049211502075, 0.2504938244819641, 0.429854154586792, 0.9378334879875183, 0.28095635771751404, 0.9574490785598755, 0.0880545973777771, -0.13966374099254608, -0.7914826273918152, -0.46935412287712097, -0.4777175188064575, -0.8704558610916138, 0.19078297913074493, 0.5116233229637146, 0.9500671625137329, -0.31332021951675415, 0.0045942217111587524, -0.9512423276901245, -0.22313635051250458, -0.7421913146972656, -0.05911636725068092, 0.44556331634521484, -0.966501772403717, 0.025606423616409302, -0.17279498279094696, 0.15711255371570587, 0.5056838393211365, -0.9423965811729431, 0.22901871800422668, -0.8746247291564941, -0.45437926054000854, -0.9489212036132812, -0.8452110290527344, -0.23307926952838898, 0.9298035502433777, -0.4658105671405792, 0.6552555561065674, -0.7660717368125916, -0.20284327864646912, -0.39399290084838867, -0.07526317238807678, -0.7858643531799316, -0.7414301633834839, 0.8721413016319275, 0.03529021143913269, 0.7447632551193237, -0.07470699399709702, -0.9086753726005554, -0.3044806122779846, -0.3368128538131714, -0.21787744760513306, 0.7951836585998535, 0.6866650581359863, -0.12253643572330475, 0.889976441860199, 0.9591763019561768, -0.9245233535766602, 0.6106417179107666, -0.429037868976593, 0.13052505254745483, 0.6192384362220764, 0.44014424085617065, 0.6393274664878845, 0.25989434123039246, -0.4995562434196472, 0.7898327112197876, 0.4814763069152832, 0.46361279487609863, -0.3558382987976074, 0.5858477354049683, 0.3349772095680237, -0.40677547454833984, -0.29459962248802185, -0.9430747032165527, -0.876774787902832, -0.9058891534805298, -0.5673743486404419, -0.059392742812633514, -0.14080411195755005, -0.3912506401538849, 0.8095982074737549, -0.8681017160415649, 0.9552549719810486, 0.12857070565223694, -0.2209388017654419, -0.25986459851264954, -0.719287633895874, -0.8379008173942566, -0.8740016222000122, -0.9361476898193359, -0.9558901786804199, 0.38557884097099304, -0.4055231213569641, 0.6771863698959351, -0.1669209897518158, 0.9170486927032471, 0.03076929599046707, -0.6648690700531006, -0.20731386542320251, -0.7994894981384277, 0.15590083599090576, 0.14330102503299713, 0.360686719417572, -0.9205515384674072, 0.9573547840118408, -0.4435630142688751, 0.6636380553245544, 0.9121206998825073, 0.3906705379486084, -0.6597411632537842, -0.6397552490234375, 0.7242299318313599, 0.42244553565979004, 0.24627119302749634, -0.3018512427806854, 0.07318276166915894, -0.7291465997695923, -0.1263313591480255, -0.5814601182937622, 0.028488516807556152, 0.38775959610939026, 0.6008422374725342, -0.6152093410491943, -0.9389345645904541, -0.5630645751953125, -0.8920674324035645, 0.22548474371433258, 0.29419952630996704, 0.3270265758037567, -0.9650436639785767, -0.3688642084598541, 0.6943269968032837, -0.2981777787208557, 0.965772807598114, -0.20564709603786469, 0.06855619698762894, -0.3603014349937439, -0.2902115285396576, 0.5103230476379395, -0.28133320808410645, -0.3270391821861267, -0.8051338791847229, -0.48022550344467163, 0.25043785572052, -0.6260594725608826, -0.35268378257751465, -0.20541557669639587, 0.3676813244819641, 0.3104635179042816, 0.20958270132541656, 0.6755045652389526, 0.19940009713172913, -0.06638281047344208], "seq_length": 64, "label": 129}