{"angle": 216, "embeddings": [0.42635485529899597, 0.8159855008125305, 0.6399693489074707, -0.16709396243095398, -0.6765558123588562, -0.5935584306716919, 0.9703807234764099, -0.4626040756702423, -0.9380616545677185, -0.6368376612663269, 0.2519386410713196, -0.7582639455795288, 0.9539133310317993, -0.8209152221679688, 0.7997454404830933, 0.6560192108154297, 0.22333665192127228, 0.5716230869293213, -0.7620827555656433, -0.765277087688446, 0.6626009345054626, 0.5894022583961487, -0.8722679018974304, 0.7697870135307312, -0.8074418306350708, 0.9145362377166748, 0.03773394227027893, -0.6524398922920227, -0.3079153895378113, -0.12531080842018127, -0.7204158902168274, 0.538270890712738, 0.8127849102020264, -0.8283674716949463, 0.039943695068359375, 0.7810052633285522, 0.042327284812927246, 0.317066490650177, 0.8215610384941101, -0.24548453092575073, -0.36480700969696045, -0.2682479918003082, 0.07569514960050583, -0.4381449222564697, -0.2941243350505829, 0.911761462688446, 0.901218593120575, -0.40464597940444946, 0.59782874584198, 0.09148330986499786, -0.7241568565368652, -0.017847377806901932, 0.843643069267273, -0.5942702293395996, 0.8375641107559204, 0.02258974313735962, -0.8082064986228943, 0.3096751272678375, 0.9561945796012878, 0.7087185382843018, -0.7810354828834534, 0.05828820914030075, 0.6764605045318604, 0.875166118144989, 0.9039832353591919, 0.9595311284065247, -0.22853586077690125, -0.9293031096458435, 0.21633553504943848, 0.8231505155563354, -0.6306118369102478, 0.4290160834789276, 0.27632176876068115, -0.6681423187255859, 0.6729341745376587, 0.404287189245224, 0.16017799079418182, 0.9202541708946228, 0.9088113903999329, 0.02359635755419731, 0.9238344430923462, 0.5383177399635315, -0.9115900993347168, 0.13750021159648895, 0.27726805210113525, 0.7866567969322205, 0.14596031606197357, -0.2601620852947235, 0.496176153421402, -0.9680382013320923, -0.9310539364814758, -0.8033096194267273, -0.9722021818161011, 0.7595575451850891, 0.8572367429733276, -0.8284590840339661, 0.6464415788650513, 0.4144361615180969, 0.13262830674648285, -0.12411466985940933, 0.8237785696983337, -0.5618050694465637, -0.3485892713069916, -0.4952457845211029, -0.5332973599433899, 0.4289553761482239, 0.7972580790519714, 0.4471699893474579, 0.706548810005188, 0.2857015132904053, -0.05629879981279373, -0.8943870067596436, -0.2416100800037384, 0.07934923470020294, -0.8220001459121704, 0.012701131403446198, 0.7736014723777771, 0.8695499300956726, -0.5239790081977844, 0.265419602394104, -0.37917056679725647, -0.11019246280193329, 0.12435443699359894, 0.18975116312503815, 0.5352810025215149, -0.8436182141304016, 0.5127043724060059, 0.13731041550636292, -0.40748369693756104, 0.6384013891220093, 0.3313760757446289, -0.7463782429695129, -0.8695628046989441, -0.2257508486509323, -0.8616126179695129, -0.4551546573638916, -0.7425922155380249, 0.8457181453704834, 0.12756666541099548, 0.886378288269043, -0.7848196029663086, -0.5454692840576172, 0.05281979590654373, -0.41146335005760193, -0.17507970333099365, -0.8787379264831543, 0.80328369140625, 0.23697428405284882, 0.7041798233985901, 0.02969314344227314, -0.6606125831604004, -0.514055073261261, 0.05436631292104721, 0.5046789646148682, 0.860664963722229, 0.7555489540100098, -0.13852742314338684, 0.21879468858242035, 0.7287374138832092, -0.8697267174720764, 0.40974313020706177, -0.4082612693309784, 0.7923882007598877, 0.3898460268974304, 0.3672266900539398, 0.877890408039093, 0.24085384607315063, -0.8011050820350647, 0.7764195799827576, 0.2521722614765167, 0.20879079401493073, -0.5059536099433899, 0.0506662055850029, 0.4211042821407318, -0.05188480019569397, -0.6367595791816711, -0.56500643491745, -0.7199385166168213, -0.7985779047012329, -0.5500542521476746, -0.6818744540214539, -0.4256100058555603, -0.1951734721660614, 0.853193998336792, -0.8300254344940186, -0.03294027969241142, 0.11709371209144592, -0.4807526469230652, -0.5148470401763916, 0.035004872828722, -0.5213152766227722, -0.8892475366592407, -0.7864744663238525, -0.26137638092041016, 0.19596730172634125, -0.4323306381702423, 0.5045795440673828, -0.2626996636390686, 0.4603106677532196, 0.7589902877807617, -0.7423378229141235, -0.22519144415855408, -0.45470815896987915, 0.05286169797182083, 0.7375639081001282, 0.18939094245433807, -0.9715095162391663, 0.7302711009979248, -0.08030102401971817, 0.6503896117210388, 0.8731093406677246, -0.12728232145309448, -0.39849215745925903, -0.5534786581993103, 0.8359028100967407, -0.28863275051116943, 0.8203698992729187, 0.5341740250587463, 0.2768847644329071, -0.23463645577430725, -0.7742472887039185, -0.12521958351135254, 0.316882848739624, 0.26639223098754883, 0.8172162771224976, -0.6040465235710144, -0.5708072781562805, -0.06100436672568321, -0.5014521479606628, 0.4869286119937897, 0.510467529296875, -0.4243786334991455, -0.9614318609237671, -0.27678847312927246, 0.9441854357719421, -0.15158499777317047, 0.8205660581588745, -0.22766010463237762, 0.22972887754440308, 0.023717820644378662, -0.039679139852523804, 0.8489943742752075, -0.31801989674568176, 0.7986704111099243, -0.4342207610607147, -0.6725833415985107, 0.3591246008872986, -0.20101992785930634, -0.3620477318763733, 0.5100057721138, 0.3315872848033905, 0.552965521812439, -0.4032697379589081, 0.4064011871814728, -0.06170687451958656, 0.2773136496543884], "seq_length": 65, "label": 129}