{"angle": 36, "embeddings": [-0.559930145740509, 0.4493715167045593, 0.3766006529331207, 0.5347062349319458, -0.5527775287628174, -0.518221914768219, 0.9299699068069458, -0.7527801394462585, -0.3294869363307953, -0.8193960189819336, -0.5625039339065552, -0.39903712272644043, 0.9654288291931152, -0.5033579468727112, 0.7283288240432739, -0.5605757832527161, 0.34306296706199646, 0.7506636381149292, -0.876963198184967, -0.23725976049900055, 0.8240119218826294, -0.30820974707603455, -0.926846444606781, 0.7827874422073364, -0.8391299843788147, -0.3222014904022217, -0.688114583492279, -0.13074815273284912, -0.5089594721794128, 0.501937985420227, -0.10416629910469055, -0.5547804236412048, 0.4870263636112213, -0.678234338760376, 0.08182277530431747, 0.36183053255081177, -0.6689019203186035, 0.7593669891357422, 0.5036429762840271, -0.6418040990829468, -0.19337281584739685, -0.9130956530570984, 0.44344669580459595, 0.5854843258857727, -0.1827797293663025, 0.8413072824478149, 0.9192200899124146, -0.2528779208660126, 0.7448570132255554, 0.3415623903274536, -0.3076651394367218, 0.1494913250207901, 0.7302321195602417, -0.7367976307868958, 0.7297384142875671, -0.3100811541080475, -0.25357383489608765, 0.0572500005364418, 0.6364994049072266, 0.0988372191786766, -0.9576857686042786, -0.3923895061016083, 0.36683711409568787, 0.6823751926422119, 0.09162578731775284, 0.7735032439231873, 0.051239073276519775, -0.7400742769241333, -0.3166930079460144, 0.3639867901802063, -0.5971776247024536, 0.763584554195404, -0.06357328593730927, 0.001914939726702869, 0.46632149815559387, 0.3060670793056488, 0.7329625487327576, 0.9278184175491333, 0.7551999092102051, -0.145335391163826, 0.9053725004196167, 0.012861634604632854, -0.9250367879867554, 0.6306634545326233, 0.3973725736141205, 0.5979892015457153, 0.40606915950775146, 0.24942584335803986, 0.6174450516700745, -0.8519640564918518, -0.5949179530143738, -0.5674492716789246, -0.9714568257331848, 0.4199291169643402, 0.9325116276741028, -0.9665402173995972, 0.3718567490577698, 0.5113493204116821, 0.09581754356622696, 0.06479774415493011, 0.5234035849571228, -0.7221546173095703, -0.7304162979125977, -0.444681853055954, -0.2728390097618103, 0.3278646767139435, 0.9314969182014465, 0.10725773870944977, 0.631097137928009, 0.5351765155792236, -0.360087126493454, -0.8221960067749023, -0.6286225318908691, -0.6934981942176819, -0.6807963252067566, 0.43038856983184814, 0.5645468831062317, 0.915655255317688, -0.3988596200942993, 0.49910208582878113, -0.9021843671798706, -0.4935069978237152, -0.7545583248138428, -0.40056076645851135, 0.04286724701523781, -0.9649578928947449, -0.4301086664199829, -0.7040356397628784, 0.07236369699239731, 0.26164522767066956, -0.807155966758728, -0.06399106979370117, -0.6880079507827759, -0.5353122353553772, -0.9333827495574951, -0.9468708038330078, -0.20841209590435028, 0.7975140810012817, -0.40311405062675476, 0.6483376026153564, -0.5743364691734314, 0.1329960823059082, -0.237088143825531, 0.11478148400783539, -0.8318600058555603, -0.603052020072937, 0.9288948178291321, -0.028561951592564583, 0.7540650367736816, -0.1443176418542862, -0.5998018980026245, -0.26062655448913574, 0.1155228465795517, 0.23714828491210938, 0.8266948461532593, 0.7167457342147827, -0.7219877243041992, 0.8344194293022156, 0.9738172292709351, -0.9379827976226807, 0.5358568429946899, 0.08171658217906952, -0.03461049497127533, 0.17108850181102753, 0.3394390940666199, 0.7737053036689758, 0.27568456530570984, -0.7111868858337402, 0.40578579902648926, 0.1458556354045868, 0.0853661522269249, -0.5432257056236267, 0.5171221494674683, 0.2584168612957001, -0.631751537322998, 0.013204209506511688, -0.9199767112731934, -0.6370651721954346, -0.8511617183685303, -0.5583227276802063, 0.20457962155342102, -0.6209568977355957, -0.10380864143371582, 0.6809887290000916, -0.9177096486091614, 0.9485936164855957, 0.14682552218437195, -0.3708948791027069, -0.24976377189159393, -0.7447893023490906, -0.5515151023864746, -0.9315031170845032, -0.7726581692695618, -0.969922661781311, 0.46355438232421875, -0.37282025814056396, 0.806908905506134, 0.10458540171384811, 0.8240684270858765, 0.07103024423122406, -0.4527380168437958, -0.2117772251367569, -0.8607575297355652, 0.11416496336460114, -0.24033308029174805, 0.06666847318410873, -0.9410044550895691, 0.7997274398803711, -0.41029441356658936, 0.35364413261413574, 0.891258716583252, 0.6285597085952759, -0.6733080148696899, -0.5063122510910034, 0.7578898072242737, 0.4091511368751526, 0.3912944495677948, -0.5278146266937256, -0.17374636232852936, -0.633830189704895, -0.25302854180336, -0.4345773160457611, 0.07482816278934479, 0.07907891273498535, 0.8131207823753357, -0.30978769063949585, -0.6595959663391113, -0.6765633821487427, -0.6314837336540222, 0.6298823356628418, 0.33796948194503784, 0.6371766328811646, -0.8935339450836182, -0.3387916386127472, 0.68252032995224, 0.15937760472297668, 0.828445553779602, -0.20004698634147644, 0.05191994458436966, -0.3552578091621399, -0.7394969463348389, 0.5810856223106384, -0.12281354516744614, -0.24682393670082092, -0.9086329340934753, -0.3341269791126251, -0.04697410389780998, -0.6288681626319885, -0.28706908226013184, -0.31595247983932495, 0.6592244505882263, 0.003751404583454132, 0.11988099664449692, 0.6775789260864258, 0.13387954235076904, 0.07883922010660172], "seq_length": 81, "label": 130}