{"angle": 36, "embeddings": [-0.6310693025588989, 0.48591509461402893, 0.6159622669219971, 0.8130089044570923, -0.7422646880149841, -0.7389420866966248, 0.8768026232719421, -0.6962685585021973, -0.3589048981666565, -0.7180793285369873, -0.4997602701187134, -0.38852518796920776, 0.9824771285057068, -0.8336196541786194, 0.7979703545570374, -0.4652051627635956, 0.3735760748386383, 0.8193462491035461, -0.9123916029930115, -0.14671406149864197, 0.8417141437530518, -0.5777826905250549, -0.944308340549469, 0.9056621193885803, -0.8642701506614685, -0.3828660249710083, -0.8353221416473389, -0.028803575783967972, -0.6959381103515625, 0.586246907711029, -0.1940959095954895, -0.6885942816734314, 0.7980825304985046, -0.6895862817764282, 0.11420629173517227, 0.2799936830997467, -0.8331457376480103, 0.5454010963439941, 0.824793815612793, -0.7183390259742737, -0.38692954182624817, -0.8627391457557678, 0.4131145179271698, 0.5849008560180664, -0.07984349876642227, 0.9071075320243835, 0.9260687232017517, -0.07347218692302704, 0.73723965883255, 0.23453174531459808, -0.4853266477584839, 0.2672595679759979, 0.6783416867256165, -0.8951530456542969, 0.8417902588844299, -0.1268422156572342, -0.08282496780157089, 0.3441791832447052, 0.7026714086532593, 0.09224051982164383, -0.9602349996566772, -0.5817990899085999, 0.2441149652004242, 0.7622490525245667, -0.0006537057925015688, 0.640740692615509, 0.10328665375709534, -0.7051128149032593, -0.21797798573970795, 0.3232601284980774, -0.7238054871559143, 0.8854345679283142, -0.07698342204093933, 0.3672375977039337, 0.34769776463508606, 0.6598371267318726, 0.8191080689430237, 0.9574833512306213, 0.5631350874900818, -0.23557783663272858, 0.7301746606826782, -0.056306496262550354, -0.8383395671844482, 0.426160603761673, 0.4763604998588562, 0.5996783971786499, 0.31083765625953674, 0.15085186064243317, 0.6328216195106506, -0.8564299941062927, -0.747317910194397, -0.8414180874824524, -0.971322238445282, 0.37593650817871094, 0.8881032466888428, -0.9535711407661438, 0.5960765480995178, 0.48707982897758484, 0.21685630083084106, -0.04825736582279205, 0.522504448890686, -0.5203168988227844, -0.658848762512207, -0.3490103483200073, -0.16060739755630493, 0.17039106786251068, 0.9595560431480408, 0.24340921640396118, 0.7984845638275146, -0.08219242095947266, -0.0701121985912323, -0.9283220767974854, -0.8120400905609131, -0.6460877060890198, -0.8137916326522827, 0.26508867740631104, 0.5048171877861023, 0.9190544486045837, -0.40479591488838196, 0.585078239440918, -0.8315812945365906, -0.38358309864997864, -0.8966637253761292, -0.45447853207588196, 0.13062256574630737, -0.9660760760307312, -0.3413897156715393, -0.21831460297107697, 0.13356149196624756, 0.48621293902397156, -0.8513047695159912, -0.020747244358062744, -0.7986167669296265, -0.4464387595653534, -0.9535579681396484, -0.8048086762428284, -0.2039969563484192, 0.8852543234825134, -0.6924275755882263, 0.41327160596847534, -0.714725911617279, 0.25937193632125854, -0.15126030147075653, 0.39450976252555847, -0.5986206531524658, -0.6693773865699768, 0.9119138717651367, -0.09638234972953796, 0.8826122879981995, -0.06734561175107956, -0.7799859642982483, -0.35930660367012024, -0.08050679415464401, 0.05245398357510567, 0.9264400005340576, 0.897886335849762, -0.6119401454925537, 0.8547124266624451, 0.9745813608169556, -0.8602471947669983, 0.688838541507721, 0.08021390438079834, -0.19077537953853607, 0.24942316114902496, 0.42099493741989136, 0.696111798286438, 0.747670590877533, -0.5985346436500549, 0.5402268767356873, -0.10991542786359787, 0.3509487807750702, -0.5971192121505737, 0.6154765486717224, 0.1675182282924652, -0.9075239300727844, 0.12142983078956604, -0.9549009799957275, -0.8055568337440491, -0.9185671210289001, -0.5740578174591064, 0.28061965107917786, -0.24326816201210022, -0.3533429801464081, 0.6664232611656189, -0.9676847457885742, 0.9699411988258362, 0.228154718875885, -0.3695816695690155, -0.38629892468452454, -0.7247825264930725, -0.7860313653945923, -0.9388269186019897, -0.8126921057701111, -0.9797681570053101, 0.6107448935508728, -0.3897475302219391, 0.4710312783718109, -0.07925226539373398, 0.8793160915374756, 0.011323907412588596, -0.6872825622558594, -0.19186848402023315, -0.8956962823867798, -0.19758345186710358, -0.2380874752998352, 0.06937729567289352, -0.9403194189071655, 0.8516080975532532, -0.5434883236885071, 0.3248196542263031, 0.9669676423072815, 0.7947654724121094, -0.6735240817070007, -0.6799340844154358, 0.6957085132598877, 0.5119378566741943, 0.1757352501153946, -0.6894948482513428, -0.47671547532081604, -0.689147412776947, -0.202544704079628, -0.5863760113716125, -0.07430925965309143, 0.15662717819213867, 0.7853999733924866, -0.5580564141273499, -0.8139351010322571, -0.8607301115989685, -0.7127662301063538, 0.6221717596054077, 0.31756603717803955, 0.5971205234527588, -0.9631315469741821, -0.41848212480545044, 0.6140701174736023, 0.08665197342634201, 0.746685802936554, -0.17068244516849518, 0.1320257931947708, -0.5918627381324768, -0.7701138854026794, 0.6496496200561523, -0.14939263463020325, -0.3405628204345703, -0.9488072991371155, -0.2781650722026825, -0.07056612521409988, -0.6555110812187195, -0.4248300790786743, -0.23463821411132812, 0.7758027911186218, -0.4222490191459656, 0.12010452151298523, 0.7065367102622986, -0.06585338711738586, -0.2852664887905121], "seq_length": 88, "label": 130}