{"angle": 216, "embeddings": [0.11585661768913269, 0.8390471935272217, 0.5457049608230591, -0.016796628013253212, -0.6704666614532471, -0.48981136083602905, 0.968002438545227, -0.5942583084106445, -0.9253495335578918, -0.7616103887557983, 0.3879188597202301, -0.6162411570549011, 0.9582117795944214, -0.6884265542030334, 0.7219576239585876, 0.4394204318523407, -0.0009095006389543414, 0.5391134023666382, -0.27492713928222656, -0.591132402420044, 0.7122349739074707, 0.5989381074905396, -0.9507125020027161, 0.6198804378509521, -0.8279411792755127, 0.8999667763710022, 0.07598079741001129, -0.4318411648273468, -0.3254856467247009, 0.1358378678560257, -0.6842288970947266, 0.2115580290555954, 0.6123883128166199, -0.8792234063148499, -0.0876040831208229, 0.7962254285812378, -0.09601034224033356, 0.18732628226280212, 0.5428299307823181, -0.10604267567396164, -0.17383764684200287, -0.1093323677778244, -0.27469485998153687, -0.3502698540687561, -0.09901398420333862, 0.7452123165130615, 0.9342140555381775, -0.2857324779033661, 0.5770199298858643, 0.1369081288576126, -0.6745455265045166, 0.07298027724027634, 0.7476463913917542, -0.6477618217468262, 0.6983518004417419, -0.05278851091861725, -0.7692832946777344, 0.13247472047805786, 0.9687684178352356, 0.7253059148788452, -0.8047027587890625, -0.13166040182113647, 0.45305606722831726, 0.7705304026603699, 0.7807394862174988, 0.9645869731903076, -0.1473420113325119, -0.880538284778595, 0.3783329129219055, 0.8159510493278503, -0.5105469822883606, 0.49481281638145447, 0.1634378433227539, -0.39239463210105896, 0.37529247999191284, 0.30021795630455017, -0.16605709493160248, 0.9361554384231567, 0.7732670307159424, -0.023139042779803276, 0.872861385345459, 0.5713555216789246, -0.8200411796569824, 0.19001205265522003, 0.4295910596847534, 0.7309805154800415, 0.22640210390090942, -0.2265053540468216, 0.5813672542572021, -0.9543536305427551, -0.9405652284622192, -0.648946225643158, -0.9304794669151306, 0.7758539915084839, 0.5148581862449646, -0.7545468211174011, 0.6129288077354431, -0.007624858058989048, 0.11399725079536438, -0.15394967794418335, 0.7698323726654053, -0.41805726289749146, -0.3458322286605835, -0.5798585414886475, -0.3928001821041107, 0.5027846693992615, 0.5672361850738525, 0.5148407816886902, 0.8586366176605225, 0.4421164095401764, -0.1246294155716896, -0.8464614152908325, -0.2377845197916031, -0.0054898131638765335, -0.8719362616539001, 0.12080579251050949, 0.7677414417266846, 0.7435737252235413, -0.24544201791286469, 0.09981951117515564, -0.4236951470375061, -0.3429316282272339, 0.15783677995204926, -0.09399456530809402, 0.3275352418422699, -0.6684387922286987, 0.48899662494659424, 0.2085765153169632, -0.3917020559310913, 0.5268568396568298, 0.15810896456241608, -0.5939401984214783, -0.7827256917953491, 0.13264349102973938, -0.897883415222168, -0.4792379140853882, -0.4204694330692291, 0.8441449403762817, 0.18214207887649536, 0.8063286542892456, -0.7841960191726685, -0.4809376895427704, -0.21148769557476044, 0.03503754362463951, -0.07560470700263977, -0.9286661148071289, 0.601355254650116, 0.4204302430152893, 0.7642349600791931, 0.02293682098388672, -0.5222092866897583, -0.6895558834075928, -0.005701245740056038, 0.2950955927371979, 0.9123718738555908, 0.8190000057220459, -0.1580038070678711, 0.3802405595779419, 0.7408334016799927, -0.8121082782745361, 0.2538904547691345, -0.32706010341644287, 0.7725949883460999, 0.0342753566801548, 0.24225912988185883, 0.8178741931915283, 0.2711451053619385, -0.652562141418457, 0.8348778486251831, -0.02013964205980301, 0.16987185180187225, -0.3298160135746002, 0.4561860263347626, 0.4124123752117157, 0.05413375794887543, -0.47712379693984985, -0.773381233215332, -0.7479795813560486, -0.891601026058197, -0.6437044143676758, -0.4285791516304016, -0.22166432440280914, -0.17179110646247864, 0.7199170589447021, -0.8466999530792236, 0.10993178933858871, 0.44791561365127563, -0.5925556421279907, -0.28267961740493774, -0.30314773321151733, -0.6989221572875977, -0.8882660269737244, -0.7097851634025574, -0.2966694235801697, 0.33318623900413513, -0.6847595572471619, 0.4727434515953064, -0.3901810646057129, 0.6653375625610352, 0.47752925753593445, -0.6383228302001953, 0.003536005737259984, -0.46838343143463135, -0.28471171855926514, 0.5356302857398987, 0.23310263454914093, -0.9711999893188477, 0.6094955801963806, -0.08226079493761063, 0.6571422219276428, 0.8278375864028931, -0.020609935745596886, -0.35282018780708313, -0.4059505760669708, 0.9264805316925049, -0.514965832233429, 0.4978572130203247, 0.17211322486400604, -0.2027217149734497, -0.4762226343154907, -0.7982833385467529, -0.4962989389896393, -0.08909019082784653, 0.0887570008635521, 0.7626916170120239, -0.4365106225013733, -0.46875205636024475, -0.20271319150924683, -0.6109285354614258, 0.19104361534118652, 0.5559288859367371, -0.04693194106221199, -0.8449075222015381, 0.10232853889465332, 0.924638032913208, 0.011794309131801128, 0.8039540648460388, -0.04438307508826256, 0.2925880253314972, -0.12257417291402817, -0.0974348932504654, 0.5756480693817139, -0.3540947139263153, 0.7132165431976318, -0.7865705490112305, -0.45365455746650696, 0.2904181480407715, -0.12008096277713776, -0.3328545093536377, 0.5201224684715271, 0.6263748407363892, 0.38929882645606995, 0.1193782240152359, 0.34761589765548706, -0.006206472869962454, 0.3565286099910736], "seq_length": 72, "label": 130}