{"angle": 216, "embeddings": [0.026758072897791862, 0.7865810394287109, 0.5226066708564758, 0.2985806465148926, -0.6976425647735596, -0.6627413034439087, 0.9818120002746582, -0.7849083542823792, -0.9093462824821472, -0.7116855978965759, 0.10990244895219803, -0.6442726254463196, 0.9760078191757202, -0.7459507584571838, 0.7750481367111206, 0.3141193091869354, -0.0037101698108017445, 0.674831748008728, -0.5707663893699646, -0.7231882810592651, 0.8441649079322815, 0.19692911207675934, -0.9804322123527527, 0.719074010848999, -0.7950085997581482, 0.6460544466972351, -0.2121458649635315, -0.5234313607215881, -0.45663514733314514, 0.43139103055000305, -0.6499870419502258, -0.2635834217071533, 0.6209395527839661, -0.9421669244766235, -0.05938504636287689, 0.6262238025665283, -0.16596399247646332, 0.1295463889837265, 0.6875735521316528, -0.11558563262224197, 0.047317974269390106, -0.4502067565917969, -0.29243749380111694, -0.2441670447587967, -0.17595170438289642, 0.835317850112915, 0.930712878704071, -0.5345994830131531, 0.538310706615448, 0.3614763021469116, -0.7181723117828369, 0.10145556926727295, 0.8015031218528748, -0.6894761919975281, 0.8374581933021545, -0.3953935503959656, -0.7439892888069153, 0.15393607318401337, 0.9586077928543091, 0.7023053765296936, -0.9068173766136169, -0.5169665217399597, 0.35324299335479736, 0.816413402557373, 0.42784857749938965, 0.9682379961013794, 0.06260095536708832, -0.9484981894493103, 0.2702537775039673, 0.8868125677108765, -0.6076408624649048, 0.7242332696914673, 0.24572061002254486, -0.31443387269973755, 0.26276665925979614, 0.4589512348175049, -0.06266304105520248, 0.9630935192108154, 0.8202271461486816, -0.007004831917583942, 0.8940573930740356, 0.5382342338562012, -0.9177903532981873, 0.42148563265800476, 0.7335454821586609, 0.7548609375953674, 0.3722648620605469, -0.17127999663352966, 0.6534667015075684, -0.9812638759613037, -0.9091861844062805, -0.5607531070709229, -0.9698241353034973, 0.6517124772071838, 0.6871156096458435, -0.8384313583374023, 0.6944320797920227, -0.27538445591926575, 0.11883479356765747, 0.11148276180028915, 0.735610842704773, -0.5467333793640137, -0.5040712952613831, -0.6486965417861938, -0.4652397334575653, 0.48341888189315796, 0.698663592338562, 0.5541183352470398, 0.8445069193840027, 0.495574951171875, -0.11013203114271164, -0.7649229168891907, -0.3922376334667206, -0.2338574230670929, -0.92094486951828, 0.09413639456033707, 0.8015400171279907, 0.7390938997268677, -0.3251970112323761, 0.27785003185272217, -0.6952811479568481, -0.5115495920181274, -0.09995841979980469, -0.21484826505184174, 0.27531272172927856, -0.8814859986305237, 0.39142075181007385, 0.12039206922054291, -0.27976322174072266, 0.26598525047302246, -0.34038639068603516, -0.5717666745185852, -0.8818628787994385, -0.09108008444309235, -0.9103952050209045, -0.7210389375686646, -0.10788284242153168, 0.9744614958763123, 0.18292354047298431, 0.8362478613853455, -0.7782242894172668, -0.4709010124206543, -0.3704586327075958, 0.1401495784521103, -0.09837274253368378, -0.9514934420585632, 0.7894387245178223, 0.21124868094921112, 0.8394660353660583, 0.015871459618210793, -0.6412467360496521, -0.8994921445846558, -0.19947509467601776, 0.2097514569759369, 0.9514592289924622, 0.8704040050506592, -0.21064680814743042, 0.6403319835662842, 0.9174565672874451, -0.9053611159324646, 0.05295083671808243, -0.2898222506046295, 0.624175488948822, 0.026250788941979408, 0.4130982756614685, 0.7929122447967529, 0.4488983154296875, -0.6119926571846008, 0.8951010704040527, -0.06980536133050919, 0.2711068391799927, -0.5558898448944092, 0.32589688897132874, 0.4376930892467499, 0.038362931460142136, -0.43205389380455017, -0.9295307397842407, -0.7679529190063477, -0.9452658891677856, -0.7311545610427856, -0.1334153115749359, 0.015590229071676731, -0.25636398792266846, 0.8431794047355652, -0.9087238311767578, 0.45990508794784546, 0.532936692237854, -0.7132771015167236, -0.2802835702896118, -0.4720967710018158, -0.897085964679718, -0.9519118070602417, -0.8373452425003052, -0.5543750524520874, 0.5754423141479492, -0.7124128937721252, 0.5024166703224182, -0.23933374881744385, 0.8120031356811523, -0.003522063372656703, -0.6169095635414124, 0.22039753198623657, -0.7327457666397095, -0.447948694229126, 0.4935949444770813, 0.31166237592697144, -0.9649812579154968, 0.8821484446525574, -0.5416734218597412, 0.7196622490882874, 0.9290781021118164, 0.2810016870498657, -0.6425920724868774, -0.3688846528530121, 0.9346675276756287, -0.5696374177932739, 0.5130495429039001, -0.14207051694393158, -0.4923217296600342, -0.7349575757980347, -0.796008825302124, -0.6485134363174438, -0.23667624592781067, 0.03798751160502434, 0.7053742408752441, -0.37710991501808167, -0.653369128704071, -0.3863770663738251, -0.7991504669189453, 0.25103771686553955, 0.7353999018669128, -0.04418227821588516, -0.9140322804450989, -0.014781168662011623, 0.8939499855041504, 0.2037692815065384, 0.8854454755783081, 0.03628271445631981, 0.2118741273880005, -0.49613264203071594, -0.13497474789619446, 0.6687524318695068, -0.29644203186035156, 0.5336868166923523, -0.879638135433197, -0.3752354383468628, -0.17377761006355286, -0.05876733735203743, -0.31946229934692383, 0.5179246664047241, 0.727548360824585, -0.02701488509774208, 0.20721487700939178, 0.5438695549964905, 0.17018811404705048, 0.217067152261734], "seq_length": 81, "label": 130}