{"angle": 216, "embeddings": [0.0515616312623024, 0.6761537790298462, 0.5959364175796509, -0.054857928305864334, -0.5228677988052368, -0.3168698847293854, 0.9743615388870239, -0.717129111289978, -0.7188462615013123, -0.7221596837043762, 0.4167938232421875, -0.5931296944618225, 0.9351516962051392, -0.5115550756454468, 0.43074172735214233, 0.3369225561618805, -0.08443041890859604, 0.6778843998908997, -0.21194276213645935, -0.39330336451530457, 0.7700594663619995, 0.643805205821991, -0.9706912040710449, 0.4263004660606384, -0.7245351076126099, 0.6753125786781311, 0.07416824996471405, -0.317126601934433, -0.31918737292289734, 0.17695607244968414, -0.7011460065841675, 0.06011078506708145, 0.42251506447792053, -0.8957637548446655, -0.1806412786245346, 0.7274757623672485, -0.12227720022201538, 0.1794297993183136, 0.409031480550766, 0.0207204706966877, 0.18343138694763184, -0.21898381412029266, -0.26626402139663696, -0.29584014415740967, -0.34118688106536865, 0.7886478304862976, 0.9483363032341003, -0.6016807556152344, 0.6189870834350586, 0.26261767745018005, -0.49745407700538635, -0.11062067747116089, 0.565585196018219, -0.6121901273727417, 0.744078516960144, -0.06902141869068146, -0.8415765762329102, 0.3229571282863617, 0.9396454095840454, 0.7047425508499146, -0.8317228555679321, -0.04147634282708168, 0.4772721827030182, 0.6861473321914673, 0.4591686725616455, 0.9662235379219055, -0.006419783923774958, -0.8735109567642212, 0.16928331553936005, 0.864026665687561, -0.453605979681015, 0.4732871949672699, 0.1327236443758011, -0.40531444549560547, 0.317716509103775, 0.19706471264362335, -0.10638098418712616, 0.8248275518417358, 0.6310946345329285, -0.019256938248872757, 0.9262906908988953, 0.5081726908683777, -0.7971712350845337, 0.2673526406288147, 0.4951847195625305, 0.5368825197219849, 0.22555002570152283, -0.02758832275867462, 0.6932700872421265, -0.9735826253890991, -0.9022382497787476, -0.4535995423793793, -0.8420001864433289, 0.7745468616485596, 0.7340672612190247, -0.6320967078208923, 0.48327335715293884, 0.08812858909368515, 0.1182486042380333, -0.04441246762871742, 0.8006724119186401, -0.5680949687957764, -0.5128646492958069, -0.5516029596328735, -0.44781461358070374, 0.452792227268219, 0.5142683386802673, 0.2975640296936035, 0.6859790086746216, 0.5528772473335266, -0.29826241731643677, -0.5544430613517761, -0.36452335119247437, -0.2157653570175171, -0.781843900680542, 0.3081509470939636, 0.8051899671554565, 0.6564695239067078, -0.15020769834518433, 0.3222379684448242, -0.6535929441452026, -0.6473100781440735, 0.16336855292320251, -0.20531344413757324, 0.02846301719546318, -0.7877223491668701, 0.48596563935279846, -0.03937004879117012, -0.06707751750946045, 0.4063537120819092, -0.2173912227153778, -0.5146744847297668, -0.6776237487792969, -0.11260513961315155, -0.8993844985961914, -0.6831672787666321, -0.06581069529056549, 0.9516531229019165, 0.24313859641551971, 0.885148823261261, -0.7106192111968994, -0.5492910742759705, -0.2874729633331299, -0.0727669969201088, -0.11486025899648666, -0.9586906433105469, 0.6939765214920044, 0.34529098868370056, 0.540502667427063, 0.014299644157290459, -0.5357643961906433, -0.7639651298522949, -0.02646671235561371, 0.32635241746902466, 0.9161529541015625, 0.7365290522575378, -0.3547287881374359, 0.45152610540390015, 0.8006613850593567, -0.845389187335968, 0.328708291053772, -0.33808284997940063, 0.5219389200210571, 0.09455897659063339, 0.3559156060218811, 0.8451606035232544, 0.1098959818482399, -0.7416324615478516, 0.8538104295730591, -0.06927555799484253, 0.14783461391925812, -0.35223227739334106, 0.16736425459384918, 0.5786866545677185, 0.2351820021867752, -0.15272316336631775, -0.8552387952804565, -0.5399311184883118, -0.8712627291679382, -0.6397961378097534, -0.31676381826400757, -0.17320546507835388, -0.21574261784553528, 0.7799721956253052, -0.8915116190910339, 0.3657650947570801, 0.2055797576904297, -0.632712721824646, -0.12577958405017853, -0.32817596197128296, -0.8031982183456421, -0.8988801836967468, -0.597247302532196, -0.477745920419693, 0.5223015546798706, -0.7656391859054565, 0.7434795498847961, -0.1567126214504242, 0.5970176458358765, 0.1016121506690979, -0.5756564736366272, 0.13897158205509186, -0.5149495005607605, -0.3075125515460968, 0.46661996841430664, 0.18777506053447723, -0.9762235879898071, 0.6417351961135864, -0.11504640430212021, 0.6343314051628113, 0.8369497060775757, 0.07722742855548859, -0.5012325048446655, -0.2791574001312256, 0.8764349818229675, -0.345966637134552, 0.6208454370498657, -0.0451560840010643, -0.34470176696777344, -0.5394281148910522, -0.7581421136856079, -0.630922257900238, 0.0004803657648153603, 0.15342098474502563, 0.7932616472244263, -0.2032419741153717, -0.449322372674942, -0.30878573656082153, -0.6313422322273254, 0.3576677441596985, 0.5604619979858398, 0.19123545289039612, -0.7087048888206482, 0.15936420857906342, 0.9211937189102173, 0.36767351627349854, 0.8231478929519653, 0.0458405502140522, 0.18281450867652893, -0.3285481929779053, -0.1938890516757965, 0.5769249200820923, 0.05601074546575546, 0.7186884880065918, -0.7049212455749512, -0.39204853773117065, 0.12320397794246674, -0.027953486889600754, -0.22113308310508728, 0.3338167369365692, 0.6792712211608887, 0.20782923698425293, 0.3906165659427643, 0.49391570687294006, -0.14453445374965668, 0.4166716933250427], "seq_length": 80, "label": 130}