{"angle": 36, "embeddings": [-0.47938451170921326, 0.5013004541397095, 0.7589936852455139, 0.6740778088569641, -0.5717865824699402, -0.7500977516174316, 0.8938044905662537, -0.6513258218765259, -0.46146002411842346, -0.7832102179527283, -0.27702662348747253, -0.4115227460861206, 0.9608667492866516, -0.7400968670845032, 0.5717517137527466, -0.2855885326862335, 0.3570343255996704, 0.8076936602592468, -0.7578200101852417, 0.017978474497795105, 0.7362820506095886, -0.17647014558315277, -0.9165241122245789, 0.6742368936538696, -0.8539358377456665, -0.20887771248817444, -0.5486592054367065, 0.17637012898921967, -0.6834311485290527, 0.5467901229858398, -0.44549745321273804, -0.5052831768989563, 0.5637849569320679, -0.8182681798934937, -0.17264823615550995, 0.4789254367351532, -0.7452501654624939, 0.6792852282524109, 0.7046487927436829, -0.47859448194503784, -0.20079325139522552, -0.8430747985839844, 0.20704121887683868, 0.4336203932762146, -0.28276222944259644, 0.8034337759017944, 0.9297834038734436, -0.1752612590789795, 0.7244279384613037, 0.4116343855857849, -0.33175116777420044, -0.17132239043712616, 0.6877837777137756, -0.8027577996253967, 0.8131102323532104, -0.14424863457679749, -0.32716625928878784, 0.21661454439163208, 0.6204621195793152, 0.2093532234430313, -0.9210699200630188, -0.3892499506473541, 0.5257061123847961, 0.6135954260826111, 0.0456872433423996, 0.6548430323600769, -0.03250075504183769, -0.5205202102661133, -0.6225733160972595, 0.34347373247146606, -0.782268762588501, 0.8677213788032532, 0.04806910455226898, 0.2946358919143677, 0.24953295290470123, 0.44420942664146423, 0.7641744017601013, 0.9108510613441467, 0.5418145060539246, -0.11775968968868256, 0.8107579946517944, 0.27402201294898987, -0.8168450593948364, 0.3742499351501465, 0.5842337608337402, 0.7121057510375977, 0.24702394008636475, -0.13186238706111908, 0.6834557056427002, -0.8628727793693542, -0.7166564464569092, -0.6977860331535339, -0.9435197710990906, 0.5646253824234009, 0.8452081680297852, -0.940312385559082, 0.44014158844947815, 0.6772865056991577, 0.13360905647277832, -0.022287337109446526, 0.5925756096839905, -0.5833194851875305, -0.6294645071029663, -0.498077392578125, -0.3020544946193695, 0.17164795100688934, 0.955775260925293, 0.0944923460483551, 0.7966063022613525, -0.032756052911281586, -0.3488166332244873, -0.6915388107299805, -0.7379981875419617, -0.5803108811378479, -0.7973929643630981, 0.32229191064834595, 0.3191142678260803, 0.860405683517456, -0.21563675999641418, 0.5713805556297302, -0.8522829413414001, -0.5694525837898254, -0.827381432056427, -0.5108510255813599, 0.1105094701051712, -0.9481573104858398, -0.37851452827453613, -0.3107847273349762, -0.013461889699101448, 0.4622753858566284, -0.7777794599533081, -0.047705039381980896, -0.60905921459198, -0.2104356288909912, -0.9185305237770081, -0.8885741233825684, -0.3157152235507965, 0.9193721413612366, -0.4333743453025818, 0.5823246240615845, -0.7735121250152588, 0.08626709878444672, -0.19974981248378754, 0.32562437653541565, -0.5822359919548035, -0.628566324710846, 0.9099816083908081, 0.08957280218601227, 0.8465955853462219, -0.26541391015052795, -0.706042468547821, -0.4046662449836731, -0.11748668551445007, 0.08378089964389801, 0.9156485795974731, 0.7831991314888, -0.8995687365531921, 0.7690126299858093, 0.9666588306427002, -0.8768668174743652, 0.6711257696151733, -0.16523845493793488, 0.13718251883983612, 0.0376887246966362, 0.14682690799236298, 0.7254695296287537, 0.587894856929779, -0.751848578453064, 0.5853661298751831, -0.25408416986465454, 0.33384111523628235, -0.6427779197692871, 0.3468680679798126, 0.15679426491260529, -0.6731065511703491, 0.21422046422958374, -0.8784757852554321, -0.8019949793815613, -0.9155237078666687, -0.5431813597679138, 0.24883641302585602, -0.41525325179100037, 0.14970798790454865, 0.6708366870880127, -0.9572064280509949, 0.9484768509864807, 0.20565463602542877, -0.2557826042175293, -0.20430460572242737, -0.7694124579429626, -0.753917396068573, -0.8372594714164734, -0.7647147178649902, -0.9775732755661011, 0.5897729396820068, -0.5090368986129761, 0.6626020669937134, 0.1138363927602768, 0.7824347019195557, 0.003040590789169073, -0.6156712174415588, -0.1618567854166031, -0.8165202736854553, -0.27607452869415283, -0.14657437801361084, -0.009039711207151413, -0.9302705526351929, 0.7397050857543945, -0.30862462520599365, 0.4174734950065613, 0.8662431240081787, 0.7279050946235657, -0.6232157349586487, -0.6013750433921814, 0.7057684063911438, 0.6099629402160645, 0.1829289346933365, -0.514563798904419, -0.40794268250465393, -0.5071137547492981, -0.10866701602935791, -0.7406914830207825, -0.03126639872789383, -0.049396708607673645, 0.7890629768371582, -0.3287307620048523, -0.6872265934944153, -0.7636522054672241, -0.6825106143951416, 0.7406498789787292, 0.30930957198143005, 0.6585257649421692, -0.919490396976471, -0.13978682458400726, 0.7289421558380127, 0.3635033667087555, 0.7781057953834534, -0.07815966010093689, 0.12367665767669678, -0.5416258573532104, -0.6317089200019836, 0.599159300327301, -0.11806400120258331, -0.18828511238098145, -0.9090056419372559, -0.23900985717773438, 0.06960389763116837, -0.5395272970199585, -0.372294545173645, -0.15615372359752655, 0.7454007267951965, -0.3466305136680603, 0.23013094067573547, 0.7278880476951599, -0.3540927767753601, 0.05171674117445946], "seq_length": 74, "label": 130}